date,NYT,MTCH,SIRI,MSGS,SNAP,LUMN,TTD,NXST,IRDM,TDS,CNK,MGNI,AD,BATRK,CARG,WLY,STGW,ZD,MUSA,WYNN,EAT,KMX,LEA,MHK,GAP,ETSY,URBN,CHDN,HRB,CROX,WH,FND,GNTX,MTN,MTH,MAT,TAP,PPC,CAG,CELH,SFM,LW,INGR,CPB,ELF,PSMT,CHEF,IPAR,CALM,FRPT,FIZZ,MZTI,CENT,COTY,RRC,PBF,SM,MTDR,NOV,MGY,AROC,MUR,CNX,OII,PTEN,CVI,WHD,DK,TDW,CRK,HP,BTU,ORI,ONB,HLI,FDS,AMG,PRI,WAL,PB,CBSH,KNSL,BOKF,VLY,OMF,WEX,GBCI,MKTX,RLI,SIGI,OZK,GMED,BIO,HSIC,PODD,RGEN,IONS,BRKR,HQY,CHE,LNTH,AMRX,RDNT,MMSI,ACAD,HAE,ITGR,ICUI,PBH,WMS,AYI,SPXC,R,FLS,SAIA,TTEK,OSK,BAH,DY,TTC,AGCO,TKR,ACM,AOS,KEX,MSA,GATX,ALK,QRVO,RMBS,VIAV,IDCC,FORM,AVT,DBX,SLAB,APPF,PLXS,EPAM,PEGA,CRUS,QLYS,CVLT,NOVT,SAIC,ITRI,WLK,ESI,NEU,MOS,EMN,CLF,EXP,SXT,HCC,BCPC,MTRN,SON,LPX,SLGN,CBT,AVNT,ASH,GPK,CTRE,ADC,CUBE,BRX,REXR,RHP,NNN,FR,STAG,VNO,MAC,EPRT,RYN,KRG,SBRA,CUZ,EPR,IRT,OGE,UGI,IDA,CWEN,SWX,ORA,POR,BKH,NJR,OGS,SR,NWE,OTTR,AWR,CPK,AVA,CWT,MGEE
2019-01-31,0.155454,0.250643,0.021016,0.038102,0.212341,0.011222,0.229364,0.06142,0.050406,0.113092,0.143017,0.19571,0.107947,0.083166,0.268011,0.102406,0.137931,0.083309,-0.040318,0.243656,-0.078672,-0.062968,0.25289,0.101146,-0.003307,0.148833,-0.027108,0.13118,-0.070161,0.105466,0.081992,0.323938,0.053672,-0.107011,0.227669,0.185185,0.186076,0.306254,0.023347,0.178668,0.019991,-0.014413,0.083151,0.085236,-0.030023,0.036379,0.004378,0.013573,0.000713,0.11847,0.168176,-0.100588,0.138171,0.182927,0.152559,0.120906,0.267443,0.255634,0.147082,0.074041,0.260347,0.169304,0.063047,0.296694,0.171981,0.164443,0.197374,0.0,0.124935,0.326711,0.167918,0.17126,-0.020419,0.048051,0.202174,0.09244,0.077073,0.150037,0.121297,0.141894,0.060848,0.043917,0.13337,0.138513,0.230547,0.151863,0.072405,0.016374,-0.043195,-0.000328,0.340134,0.040896,0.076006,-0.010443,0.023575,0.080963,0.072882,0.177696,0.045096,0.051751,0.07476,-0.092387,0.342183,0.012901,0.408782,-0.011394,0.062025,0.083482,-0.095855,0.051546,0.053015,0.062121,0.2027,0.16413,0.074346,0.066061,0.224107,0.090082,0.074204,0.064782,0.153225,0.141212,0.155094,0.126019,0.112084,0.062692,0.068776,0.050945,0.076239,0.17601,0.106468,0.101748,0.066004,0.141274,0.209496,-0.029311,0.069065,0.098669,0.21955,0.176877,0.11965,0.157747,0.118125,0.106032,0.059082,0.155213,0.11682,0.088092,-0.026693,0.105102,0.102722,0.401633,0.163362,0.124082,0.191621,0.059604,0.043121,0.083757,0.09721,0.169348,0.091989,0.131818,0.069617,0.134397,0.190683,0.116881,0.078773,0.189207,0.140143,0.204828,0.097109,0.133749,0.112927,0.138466,0.066543,0.148843,0.099314,0.207682,0.246359,0.129691,0.146949,0.138345,0.054554,0.068978,0.047712,-0.125217,0.023791,0.103442,0.053871,0.081396,0.061967,0.032036,0.071409,0.075201,-0.023973,0.010143,0.114022,-0.01483,0.039026,0.072548
2019-02-28,0.277713,0.035334,0.019229,0.036848,0.467066,-0.139035,0.384497,0.177107,0.098556,-0.11513,-0.080401,0.316143,-0.189128,0.032641,-0.000935,0.002124,0.117845,0.13696,0.057376,0.034781,0.129566,0.056482,-0.007251,0.056914,-0.001572,0.304117,-0.044892,0.019787,0.023738,-0.10585,0.07089,0.084281,-0.039659,0.106927,-0.027285,0.217905,-0.074313,-0.029121,0.079944,-0.12958,-0.027523,-0.041355,-0.066161,0.016653,-0.053571,0.061776,-0.003425,0.109991,0.045519,0.145955,-0.181894,-0.014459,-0.202244,0.433553,-0.029918,-0.143799,-0.167176,-0.046154,-0.045454,0.021595,0.048326,0.065919,-0.126853,-0.015296,0.093157,0.009714,0.104814,0.088281,0.065985,0.18802,-0.019788,-0.132235,0.035236,0.109703,0.039331,0.078634,0.047559,0.115921,0.044941,0.046528,0.052341,0.152407,0.094522,0.04451,0.112281,0.1037,0.038881,0.138137,0.071653,0.086026,0.081081,0.080799,0.084164,-0.026931,0.15667,0.044027,0.223966,0.089846,0.290985,0.105927,0.358502,0.101792,-0.000733,-0.014152,0.163301,-0.121727,0.123102,-0.012219,0.047994,-1.9e-05,0.076172,0.222185,0.082567,0.008401,0.103218,0.089816,0.040338,0.080535,-0.223428,0.152605,0.055095,0.0254,0.011434,0.08504,-0.009211,0.03593,0.050476,-0.030084,0.073133,0.138581,0.180755,-0.042302,0.05526,0.055583,-0.034399,0.059085,0.141684,0.100499,0.143483,0.167348,0.080215,-0.033514,0.019979,0.172933,0.1126,-0.029654,-0.051321,0.00178,0.094518,-0.031289,0.025676,0.035481,0.076619,0.036527,0.019144,0.068779,0.233482,0.012388,0.041818,0.024982,0.006764,0.007723,0.02277,0.009114,0.016378,-0.004543,-0.010016,0.019264,0.020238,0.007965,-0.011573,0.024449,0.008268,-0.037191,-0.039155,0.067297,-0.031866,-0.053517,-0.097739,0.075706,0.010878,-0.008613,0.03834,-0.037349,0.015943,0.006953,0.053188,-0.032576,0.037666,0.05307,-0.002062,0.058599,-0.00063,0.072446,0.045157,0.054536,-0.006183,-0.025312,0.054622,-0.000805
2019-03-29,0.0,0.02221,-0.043845,0.017318,0.12449,-0.072118,0.002076,0.108872,0.241897,-0.036221,0.072055,0.035775,-0.016706,-0.002514,-0.062485,-0.147813,-0.322289,0.018704,0.100938,-0.057057,-0.021875,0.123994,-0.107582,-0.073244,0.030709,-0.056826,-0.039222,-0.03774,0.001631,0.002726,-0.043717,0.108661,0.016715,0.051515,0.019613,-0.098474,-0.026122,0.133198,0.186992,0.196626,-0.076329,0.081229,0.031111,0.058579,0.333333,-0.089391,-0.029991,0.032192,0.012018,0.025958,-0.158332,0.003731,-0.182865,0.045455,0.052415,0.002253,0.07038,0.039248,-0.051555,-0.02439,0.002049,0.01384,0.016038,0.020712,0.060467,0.035436,-0.018202,0.037098,0.010898,-0.029411,0.025092,-0.022697,0.012534,-0.077616,0.003063,0.055704,-0.022808,-0.023112,-0.113032,-0.067192,-0.073435,0.027112,-0.098297,-0.08302,-0.037879,0.078232,-0.085578,0.009021,0.017442,-0.040631,-0.116464,0.014787,0.128387,0.013659,0.012565,-0.007392,0.1434,0.007053,-0.080765,-0.027734,0.071335,0.047302,-0.091642,0.109456,0.013208,0.007022,-0.170844,-0.026164,0.022215,0.013768,-0.077697,-0.043179,-0.002735,0.020819,-0.076481,-0.007163,-0.034443,0.099887,0.019077,0.007077,0.02915,0.005301,-0.041667,0.026767,0.011991,9.7e-05,-0.03378,-0.090438,0.022669,0.017527,-0.057121,-0.053779,0.015142,0.001989,-0.086337,-0.001975,0.098506,-0.013115,0.045432,-0.010345,0.048343,-0.010642,-0.039323,0.036706,0.030121,-0.119977,-0.028768,-0.10302,-0.00843,-0.125908,-0.075353,-0.099188,0.102826,0.047759,0.040028,0.04587,-0.012461,0.062878,-0.03522,0.050638,-0.111988,-0.095816,0.009693,0.043185,0.060272,0.063356,0.056113,0.052119,0.050072,0.026483,0.063148,0.061841,0.07553,0.001931,-0.005734,0.162728,0.079325,0.036777,0.074504,0.014706,0.051657,0.059076,0.014111,0.014265,0.011483,0.008005,0.003905,-0.010226,0.041232,0.043533,0.034735,0.029844,0.045251,0.035713,-0.009149,0.002391,0.01736,0.005197,0.043444,0.063361
2019-04-30,0.01064,0.066949,0.024691,0.065875,0.010889,-0.04754,0.118868,0.080096,0.038578,0.037423,0.051513,0.050987,0.047702,0.013684,0.016975,0.052176,-0.066667,0.011778,-0.001752,0.21061,-0.036278,0.115473,0.053717,0.080063,0.005424,0.00476,0.003036,0.117328,0.136591,0.081553,0.114623,0.164968,0.119659,0.053152,0.144039,-0.062308,0.076111,0.207267,0.117268,-0.028169,-0.005571,-0.065252,0.000634,0.02376,0.206604,0.015795,0.052496,-0.04455,-0.072824,0.056042,-0.029967,-0.050929,0.055556,-0.05913,-0.19573,0.078356,-0.086562,0.018624,-0.018769,0.098333,0.033743,-0.070307,-0.168059,0.217502,-0.03067,0.107039,0.019663,0.017573,-0.029754,-0.119769,0.053275,0.015532,0.068833,0.041464,0.075682,0.111169,0.035571,0.066639,0.16423,0.066319,0.04082,0.058771,0.068547,0.093946,0.069921,0.095369,0.069445,0.131055,0.133519,0.126897,0.135222,-0.087432,-0.015539,0.065713,-0.092965,0.140487,-0.084268,0.004162,-0.084212,0.020964,-0.013072,-0.091743,-0.022599,-0.09138,-0.104283,-0.002286,-0.08393,-0.04943,-0.016382,0.088475,0.220414,0.049152,0.016293,0.086176,0.053846,0.086088,0.099295,0.01978,0.079451,0.062609,0.017685,0.099267,0.142568,-0.010171,0.088004,0.062959,0.009952,0.102994,0.054092,0.096651,0.074313,-0.003864,0.17775,0.120821,0.118349,0.331437,0.223048,-0.012633,0.060486,0.154,0.130972,0.090887,-0.187519,0.027027,-0.021157,0.150268,0.027852,0.075248,-0.032245,-0.04394,0.039536,0.004761,0.079686,0.034371,0.019737,0.093858,0.017,0.024866,0.027482,0.010462,0.09008,-0.056978,0.030718,0.098971,0.033675,-0.055811,-0.004057,-0.011625,0.058084,-0.032101,-0.040989,-0.002545,-0.02536,0.025208,-0.074048,0.059426,0.008566,-0.012508,0.004622,-0.001781,0.0304,-0.018536,-0.009577,-0.01642,-0.005224,0.050298,0.011305,0.058205,0.009066,-0.017686,0.005824,-0.005728,0.023089,-0.007954,0.029707,-0.001824,0.015678,0.062038,-0.071665,-0.002648
2019-05-31,-0.040121,0.136589,-0.084144,-0.05313,0.067325,-0.063047,-0.102357,-0.140814,-0.219592,-0.096298,-0.096551,-0.13928,-0.094595,-0.054707,-0.161512,-0.095279,0.333333,-0.032934,-0.060957,-0.25074,-0.121581,0.005394,-0.167623,-0.005138,-0.283743,-0.077436,-0.244198,-0.022509,-0.035281,-0.306284,-0.042714,-0.260308,-0.072514,-0.060039,-0.020528,-0.191961,-0.137018,-0.049796,-0.130279,-0.033819,-0.063959,-0.151755,-0.1962,-0.061515,-0.203284,-0.187427,-0.030906,-0.10636,-0.099489,0.040528,-0.19375,-0.032815,0.043365,0.14048,-0.134956,-0.205404,-0.269931,-0.165058,-0.202372,-0.163125,-0.110986,-0.079481,-0.138393,-0.145833,-0.217807,-0.052929,-0.103306,-0.16783,-0.052889,-0.281968,-0.153938,-0.178171,-0.013864,-0.059209,-0.077104,0.011064,-0.241664,-0.115992,-0.138761,-0.119908,-0.051299,0.155234,-0.135018,-0.062978,-0.113661,-0.101569,-0.074666,0.071908,0.058791,0.007635,-0.114855,-0.12841,-0.046522,0.006244,0.272928,0.031018,-0.117449,0.083169,-0.035277,0.004461,-0.007036,-0.414141,-0.002477,-0.08099,-0.002495,0.111251,0.014619,-0.064615,-0.013256,0.061896,-0.154856,-0.185205,-0.1912,-0.052621,-0.083709,0.045645,-0.13498,0.065441,0.052027,-0.109227,-0.057487,-0.076531,-0.058997,-0.229599,-0.053108,-0.092206,-0.094775,-0.054469,-0.190848,-0.008726,-0.093985,-0.028598,-0.242216,-0.159844,-0.074651,-0.130875,-0.007311,-0.176969,-0.037745,-0.038262,-0.214586,-0.018281,-0.124525,-0.080441,0.023883,0.055721,-0.175231,-0.128913,-0.077649,-0.17771,-0.176977,-0.129129,-0.053349,-0.029676,-0.036947,-0.10659,0.043429,-0.01278,-0.08387,-0.028059,-0.112367,-0.09081,-0.066904,-0.063401,0.002474,0.022606,0.056722,-0.040828,-0.002375,0.004397,0.017294,-0.015878,0.018065,-0.032694,-0.078604,0.028046,-0.114501,-0.037365,0.008667,-0.054336,-0.004869,0.036828,-0.018422,-0.053201,0.019151,-0.042176,0.030126,0.013468,0.010514,0.054303,-0.052516,-0.005223,-0.010334,0.015605,-0.025094,0.028772,-0.020077,-0.022931,-0.019313,-0.017895
2019-06-28,0.025142,-0.020102,0.050848,-0.053745,0.202691,0.125359,0.145717,0.008487,0.085395,0.061082,-0.041049,0.156364,0.025718,0.051109,0.057084,0.097654,-0.1,0.054573,0.046972,0.155222,0.057644,0.109223,0.176669,0.087938,-0.038008,-0.015086,0.012461,0.167275,0.126423,0.022257,0.050386,0.179617,0.152154,0.045591,0.02475,0.138071,0.018552,-0.007039,-0.009339,0.110003,-0.057855,0.069367,0.091558,0.103553,0.38371,0.051852,0.107357,0.030817,0.126959,-0.020658,-0.011517,0.037732,-0.042629,0.096418,-0.104695,0.185606,0.076527,0.209245,0.068788,0.049863,0.195041,-0.008048,-0.053109,0.243293,0.086773,0.177066,0.017512,0.323751,0.10183,0.27169,0.034962,0.02466,0.024256,0.040777,-0.015041,0.03005,0.09926,0.044315,0.086756,0.025343,0.045244,0.091777,0.00734,0.109428,0.131905,0.101408,0.028926,0.079242,-0.001979,0.045219,0.041176,0.076336,0.08943,0.084393,0.087349,0.237225,-0.020274,0.195835,0.000612,0.100323,0.179658,-0.049072,0.141556,0.153593,0.114214,0.240746,0.197147,0.183788,0.091285,0.143305,0.115145,0.110289,0.154455,0.138667,0.096102,0.163359,0.172777,0.051824,0.128426,0.030037,0.165415,0.166553,0.18652,0.164444,0.020936,0.060475,0.142655,0.09811,0.088754,0.059859,0.102905,0.013854,0.091226,0.113882,0.110372,0.105055,0.060892,0.178478,0.002955,-0.01247,0.169387,-0.017267,0.077524,0.178455,0.127965,0.104501,0.212428,0.093023,0.040517,0.168384,0.208962,0.226436,0.078384,0.085377,0.012011,0.102327,0.121754,0.056769,0.148992,0.055537,0.194542,0.257485,0.068118,0.081202,-0.012264,-0.034666,0.001258,0.042566,0.072991,0.026033,-0.009714,0.065312,0.040488,-0.032161,-0.078172,-0.046734,0.085962,0.015262,0.020736,-0.000829,-0.0401,0.070489,0.024061,0.040772,0.001596,0.124001,0.05262,0.073679,0.031934,0.025853,0.055089,0.031293,0.014257,0.025129,0.063217,0.031533,0.051202,0.068008,0.028647,0.103261
2019-07-31,0.095386,0.119221,0.121864,0.036079,0.174825,0.028061,0.155984,0.007624,0.093723,0.063816,0.105817,0.196541,0.072084,0.028602,0.032124,-0.000273,-0.007937,0.00225,0.051529,0.049036,0.012707,0.010711,-0.089682,-0.154472,0.099601,0.092065,0.046593,0.039802,-0.054949,0.156962,0.014532,-0.065632,0.119566,0.104579,0.223413,0.302409,-0.035893,0.065774,0.096623,0.123872,-0.103759,0.059344,-0.063038,0.040491,0.176596,0.193271,0.03992,0.041961,-0.046741,-0.00791,-0.024647,0.048587,0.127273,-0.185821,-0.184814,-0.107668,-0.203674,-0.113179,0.071525,-0.034542,0.035849,-0.024747,0.124487,-0.242276,0.010426,0.061612,-0.113225,0.063179,-0.020869,0.226212,-0.01857,-0.126141,0.019213,0.061483,0.033011,-0.032314,-0.068917,0.022843,0.105546,0.050567,0.019611,-0.017709,0.108638,0.03525,0.225968,0.04791,0.040367,0.048596,0.051569,0.00414,0.024652,0.077541,0.00739,-0.048069,0.029821,0.098197,0.024739,-0.042042,0.253517,0.123462,-0.200707,-0.48954,0.068165,-0.337475,-0.080434,0.014459,0.043017,0.010043,0.092172,0.00427,-0.025806,0.056935,-0.086449,-0.050484,0.179836,0.008275,0.000958,0.038363,-0.06302,0.08849,-0.007348,-0.109661,-0.050198,-0.031396,-0.008101,-0.000379,-0.030647,-0.008606,0.100285,0.034884,0.103837,0.00594,0.070836,0.003313,-0.059481,0.085203,-0.05593,0.022957,0.119526,0.061649,0.122426,-0.005972,-0.08424,-0.108271,-0.009587,-0.00911,-0.02721,-0.030948,0.051554,0.006392,-0.031864,0.004573,-0.107012,-0.072265,-0.052833,0.026708,-0.083764,-0.081267,-0.003051,-0.017647,-0.06267,0.043963,-0.006127,0.062947,-0.023128,0.043716,0.015251,0.078107,0.025514,-0.075102,-0.004913,0.039466,-0.013325,0.003432,-0.013138,0.053892,-0.041584,0.051554,0.048247,-0.01966,0.002881,0.067415,0.017697,-0.043438,0.01623,0.068801,-0.007922,0.034075,0.012553,0.012537,0.002009,0.009746,-0.017993,-0.030908,0.010793,0.029639,-0.016418,0.032063,0.054513,0.014642
2019-08-30,-0.181614,0.126312,-0.012437,-0.130016,-0.057738,-0.03792,-0.066613,-0.023684,-0.049528,-0.220779,-0.044088,0.344284,-0.248486,-0.045534,-0.124765,-0.022193,-0.06,-0.050398,0.01177,-0.144953,-0.046424,-0.051048,-0.108272,-0.046515,-0.190257,-0.212325,-0.0168,0.030171,-0.125316,-0.02407,-0.091424,0.257216,-0.029905,-0.041538,0.04028,-0.328767,-0.037993,0.151515,-0.017666,-0.178353,0.060248,0.051853,-0.000259,0.088534,-0.016275,-0.003426,0.057856,-0.072027,0.019362,0.087043,-0.060418,-0.063664,-0.130349,-0.124656,-0.374342,-0.140096,-0.049148,-0.112309,-0.142317,-0.086762,-0.102343,-0.231304,-0.030414,-0.161165,-0.256234,-0.239218,-0.132788,-0.23246,-0.314484,-0.162518,-0.230936,-0.118349,0.024113,-0.038619,-0.039565,-0.016221,-0.10324,-0.025883,-0.116566,-0.064418,-0.061812,0.094059,-0.084409,-0.058243,-0.080865,-0.061998,-0.052971,0.181506,0.018572,0.061562,-0.156311,0.120448,0.072436,-0.07394,0.254026,-0.016739,-0.040237,-0.096967,-0.275921,0.060095,-0.038019,-0.303279,-0.055669,-0.118601,0.125305,0.093791,-0.172855,-0.36429,-0.078613,-0.044015,-0.065638,0.087393,-0.084551,-0.146912,0.121101,0.026195,-0.155803,0.101801,-0.193256,-0.011123,-0.100217,-0.11486,-0.013074,0.023542,-0.060873,0.006801,-0.034348,-0.051952,-0.025379,0.006421,-0.05317,-0.236846,0.018474,-0.077719,-0.240238,-0.028607,0.022993,-0.041869,-0.012694,-0.07209,0.093578,-0.080176,-0.045555,-0.108098,0.030924,0.120161,-0.128881,-0.068863,0.126041,-0.269948,-0.132449,-0.25516,0.017033,-0.03672,-0.153503,-0.134937,-0.051225,-0.040133,-0.074849,-0.006322,-0.097442,-0.023192,-0.074995,-0.07066,0.024106,0.117277,0.057143,-0.028978,0.067391,0.062133,0.074847,0.019901,-0.017458,-0.049986,-0.114537,0.075285,-0.077135,-0.101823,0.06982,-0.013644,0.056432,0.126316,-0.001862,-0.040813,0.082515,-0.006564,0.032407,0.134733,0.037192,-0.024397,-0.082815,0.010287,0.030215,0.036041,-0.045245,0.198738,0.011984,0.027498,0.061031,0.027741
2019-09-30,-0.024658,-0.157547,0.014587,0.044347,-0.001895,0.096661,-0.236888,0.034584,-0.119934,0.03004,0.021682,-0.148583,0.044179,0.010561,-0.051196,-0.012584,0.2,0.073523,-0.045861,-0.012982,0.133836,0.056676,0.050241,0.04357,0.09943,0.070278,0.199915,0.001622,-0.014373,0.244843,0.012488,0.039212,0.035338,-0.036905,0.076676,0.162245,0.119549,0.028562,0.081805,-0.151222,0.077437,0.033102,0.066194,0.042666,0.072917,0.176568,0.045101,0.092763,-0.014307,0.014059,0.084597,-0.04552,0.106359,0.114583,0.077602,0.147257,0.022151,0.05623,0.039852,0.087169,0.026777,0.212835,-0.089084,0.045525,-0.006855,0.106838,0.136239,0.108397,-0.041244,0.361888,0.065975,-0.201302,0.062636,0.02381,0.028067,-0.107023,0.087694,0.067634,0.061262,0.094328,0.067628,0.051715,0.039533,0.04453,0.023152,-0.012124,0.019401,-0.176349,0.014634,-0.055758,0.056976,0.000979,-0.014717,0.03051,0.069793,-0.173688,-0.052207,0.017605,-0.037315,-0.027618,0.151884,0.137255,0.032351,-0.124209,0.301157,-0.055343,0.043646,-0.013292,0.088143,0.028034,0.074794,0.054282,0.074735,0.098751,0.095394,0.069526,0.078696,-0.059462,0.147191,0.021059,0.095197,0.082877,0.058625,0.02558,0.116456,0.032945,0.050599,0.086906,0.037939,0.047049,0.008639,0.067114,0.091281,0.067134,0.126816,0.02156,-0.036752,0.092641,-0.047091,-0.029505,-0.001119,-0.050867,0.030897,0.0896,-0.007499,0.064939,0.118279,0.091105,-0.001463,0.117855,0.138874,-0.09068,0.06913,0.05098,-0.066028,0.11713,0.042828,0.017657,0.022463,0.009409,0.133,0.025708,0.052021,0.073786,-0.002457,-0.012926,-0.018624,0.100922,0.000311,0.038239,0.004453,0.021525,0.017809,0.052919,0.107255,0.018452,0.062317,0.153151,0.06198,0.083285,-0.012989,0.041751,0.058549,0.032875,0.026045,0.031073,-0.002082,0.000269,-0.002342,0.000261,-0.004424,0.049121,0.034814,0.044199,0.061834,-0.028856,0.012181,0.032836,-0.06219,0.052999
2019-10-31,0.08688,0.021696,0.073483,0.012902,-0.046835,0.036859,0.070648,-0.049066,0.149906,0.011241,-0.052795,-0.02411,-0.009579,0.05982,0.085299,0.05664,0.109929,0.045585,0.382532,0.116078,0.041716,0.05875,-0.001103,0.155638,-0.049424,-0.212566,0.021716,0.052892,0.058002,0.260447,0.0431,-0.104008,0.023019,0.028979,0.024733,0.048288,-0.083131,-0.05273,-0.111508,0.011491,0.003619,0.075925,-0.033521,-0.005559,-0.040548,0.042194,-0.178323,0.106617,-0.001752,0.05003,-0.009017,0.003822,0.027027,0.112273,0.054973,0.187201,-0.185817,-0.1585,0.066981,-0.115316,-0.0331,-0.066938,0.161157,0.045018,-0.026901,0.076993,0.026952,0.100551,0.074123,-0.121951,-0.064138,-0.278121,-0.052184,0.046511,0.047893,0.043421,-0.041632,-0.008253,0.07053,-0.022795,0.061171,0.023328,-0.025269,0.065318,0.090512,-0.06379,0.053567,0.125466,0.047465,-0.080729,0.038913,0.024452,-0.003366,-0.014331,-0.118899,0.036511,-0.069938,0.012975,-0.006212,-0.056662,-0.168163,0.062069,0.087744,-0.321733,0.178383,-0.042889,0.024881,0.012594,0.022197,0.147195,-0.073212,0.138215,-0.060653,0.045601,-0.048026,0.008184,0.126386,-0.009152,-0.106954,0.052251,0.013078,0.126178,0.065229,0.046393,-0.036514,0.100449,0.026055,0.069635,0.090639,0.054836,0.139186,0.029034,0.170509,-0.110812,-0.017353,-0.045891,0.021968,0.182851,-0.034884,0.105217,0.268384,0.129152,0.110937,0.089697,-0.049933,0.031098,-0.035562,0.066797,0.028384,-0.030244,0.029934,0.01633,0.015938,-0.088711,0.000188,0.020365,-0.073664,-0.008761,0.189178,0.024301,-0.038173,-0.018377,0.004153,0.061695,0.03127,0.076828,-0.091691,0.100481,0.092458,0.028847,0.053824,0.064459,0.05698,0.030784,-0.129472,0.120035,-0.043262,0.103406,0.071428,0.076007,0.016944,0.076171,-0.042598,-0.051721,-0.044821,-0.006576,-0.041081,0.030556,0.009047,0.027369,-0.035825,-0.034023,-0.036451,-0.033711,0.054511,0.058647,-0.005456,-0.008464,0.057434,-0.035432
2019-11-29,0.043689,-0.034388,0.040686,0.055672,0.012616,0.13936,0.311454,0.112156,-0.047814,-0.091223,-0.07459,-0.049412,-0.08893,-0.037742,0.19351,0.025831,-0.255591,0.021693,-0.003392,0.00428,0.007874,0.043898,0.021567,-0.027968,0.021525,-0.024725,-0.105923,0.000154,-0.02441,-0.002572,0.073374,0.047567,0.012478,0.044326,-0.076987,-0.020101,-0.031608,0.037549,0.067283,0.377848,0.020093,0.076115,0.052785,0.005614,-0.01369,0.008637,0.073347,-0.089629,0.091251,0.02832,0.129208,0.135436,-0.121252,-0.00262,-0.133996,-0.021466,0.059949,0.012221,-0.003095,0.105907,-0.11486,0.127192,-0.180308,-0.052966,0.074519,-0.069284,0.018767,-0.134096,-0.057301,-0.071637,0.072943,-0.080722,0.009847,0.011662,0.008676,0.027002,0.072666,0.063465,0.062517,0.017821,0.041485,-0.041426,0.086849,0.0,0.083553,0.063167,0.036153,0.097142,-0.049397,-0.0387,0.057733,0.06836,0.113865,0.100815,0.277869,0.116493,0.147882,0.151235,0.107413,0.092517,0.002398,0.220779,0.226633,0.355276,0.067909,-0.001077,-0.020532,0.160077,0.065144,0.033254,0.048001,0.049188,0.090875,-0.002867,0.063901,0.011068,0.063014,0.037838,0.141698,0.013613,0.020842,0.079083,0.082979,-0.025765,0.065816,0.035687,0.016091,-0.001082,0.288771,-0.057762,-0.058897,0.059109,0.060009,0.027553,-0.067104,-0.002918,0.16137,0.026508,0.203967,0.032044,0.055032,0.025548,0.019126,0.046378,0.033043,0.050092,0.091054,0.076427,0.017467,-0.04175,0.030642,0.105118,0.007554,0.018015,0.053902,-0.015611,0.03745,0.056836,0.01936,0.004867,0.085971,-0.016225,-0.069748,0.038953,-0.138614,-0.050654,-0.027129,-0.003634,-0.004783,0.060117,-0.053811,0.011161,0.002245,-0.006157,0.005244,0.016758,0.135285,0.085858,-0.075991,0.008971,-0.083537,-0.02987,-0.023224,-0.086428,-0.017789,0.104844,-0.125953,0.005232,-0.024086,-0.02179,-0.024312,-0.037302,-0.078991,-0.0131,-0.126533,-0.100196,-0.038608,-0.007426,-0.078229,0.010697
2019-12-31,-0.002481,0.165011,0.024355,0.044041,0.07082,-0.088337,-0.013519,0.088571,0.057511,0.07987,0.009418,0.009901,0.068416,0.043816,-0.122474,0.033884,0.193133,-0.034117,-0.00451,0.14911,-0.054331,-0.098602,0.147715,-0.021454,0.064419,0.020973,0.082229,0.060046,-0.026076,0.200287,0.089645,0.058321,0.020423,-0.004571,-0.081605,0.15812,0.06775,0.038731,0.186006,-0.004126,-0.022727,0.02441,0.125191,0.061198,-0.026554,-0.049772,0.07171,0.036203,-0.017919,0.099553,0.0278,0.017592,0.177786,-0.02513,0.396532,0.002237,0.352587,0.276278,0.113311,0.158379,0.193815,0.164711,0.280753,0.111857,0.179771,-0.068219,0.1368,-0.022734,0.260131,0.296062,0.149254,-0.057852,0.00056,0.011615,0.031893,0.033314,-0.00738,-0.024507,0.092791,0.029938,0.017523,0.00395,0.048716,-0.001661,-0.021815,0.041416,0.055797,-0.061191,-0.014775,-0.015554,0.027965,0.052368,0.00176,-0.03164,-0.078083,0.042254,-0.055503,-0.004297,0.177771,0.021488,-0.01866,0.281915,0.059499,0.115,-0.055421,-0.047264,0.060382,-0.00192,0.07228,0.01782,0.055207,0.064881,0.034673,0.02587,-0.018757,-0.024125,0.046319,-0.022403,-0.09414,0.022271,-0.011264,0.070736,-0.004616,-0.015703,0.061159,0.019608,0.030701,-0.018258,0.115344,0.055939,-0.001332,-0.040669,0.122299,0.049449,-0.031368,0.094874,-0.026302,0.013702,0.001463,0.026541,0.149372,-0.047309,-0.118135,-0.050869,0.019566,0.048327,0.021404,-0.000855,-0.011217,0.139048,0.019775,0.051315,-0.013822,0.044241,0.029225,0.025297,0.010024,0.01966,0.000337,0.008764,0.011279,0.174482,0.067364,0.027976,-0.001008,-0.053642,0.031604,-0.015041,-0.041863,-0.018692,-0.038034,-0.019673,0.022601,0.060337,-0.000371,-0.040072,0.078702,0.026687,-0.04219,0.017535,0.001393,-0.045199,0.057299,0.044673,0.016659,0.006052,0.002772,-0.030319,0.012004,0.025728,0.055063,0.052886,0.084602,0.009549,0.043328,0.015829,0.055983,0.017132,0.003113,0.01677
2020-01-31,-0.003456,-0.047375,-0.011189,0.006798,0.125536,0.034065,0.036184,0.033262,0.036932,-0.10814,-0.069128,0.147059,-0.116202,-0.013202,0.01336,-0.100989,-0.183453,0.022943,-0.126752,-0.091524,0.016429,0.106878,-0.102186,-0.034463,-0.002005,0.101806,-0.078142,0.052332,-0.011925,-0.095011,-0.089795,-0.029522,0.03123,-0.022182,0.161184,0.079705,0.031169,-0.203851,-0.032343,0.118012,-0.192248,0.064033,-0.053254,-0.013726,-0.027898,-0.137426,-0.04487,-0.049512,-0.165146,0.064139,-0.158957,-0.034041,0.036691,-0.088,-0.381442,-0.129742,-0.183274,-0.183639,-0.177245,-0.163752,-0.168327,-0.21791,-0.183051,-0.167673,-0.24381,-0.143952,-0.160256,-0.181032,-0.212656,-0.328067,-0.107418,-0.258772,0.008046,-0.020777,0.060978,0.066381,-0.057706,-0.091912,-0.031053,-0.023508,-0.004121,0.123549,-0.097254,-0.080349,0.005219,0.035615,-0.074671,-0.065759,0.033215,0.01626,-0.101367,-0.112092,-0.02462,0.033273,0.133411,0.085297,-0.034597,-0.029429,-0.108141,0.063243,-0.14627,-0.068465,0.111823,0.16656,-0.066386,-0.065361,0.061793,-0.02485,0.001481,0.070288,-0.144953,-0.035574,-0.121341,-0.062085,-0.064648,-0.0065,-0.090967,0.097146,-0.142736,0.004393,-0.092039,-0.067128,0.118247,-0.099024,-0.181392,0.073124,-0.081111,-0.046642,-0.08922,0.151669,-0.06,0.020532,-0.025414,-0.140198,-0.049693,-0.152354,0.195452,-0.075643,0.075321,0.08236,-0.067953,0.028427,0.008513,0.025893,0.012549,-0.026206,-0.127584,0.001713,-0.096399,-0.08318,-0.100808,-0.158274,0.005625,-0.09593,-0.10743,0.062875,-0.086628,-0.074206,0.034041,-0.007079,-0.161406,-0.098125,-0.03332,-0.061261,0.075133,0.082087,0.006035,-0.063503,0.055178,-0.018809,0.053999,0.028668,0.024965,-0.001371,-0.171248,0.112858,-0.072649,-0.119304,0.007497,0.000489,0.015567,0.041903,0.040232,-0.079052,0.050468,0.061153,-0.006055,0.063607,0.102348,0.057168,-0.072919,0.00994,0.012123,0.07395,0.044258,0.02216,0.003965,0.057392,0.019395,0.014083
2020-02-28,0.170259,-0.169011,-0.101631,-0.095783,-0.229053,-0.116398,0.06713,-0.046661,0.059491,-0.111993,-0.176135,0.212607,-0.019051,-0.108748,-0.284993,-0.14741,0.105727,-0.088984,-0.045708,-0.136921,-0.195362,-0.100268,-0.091009,-0.079967,-0.17691,0.184388,-0.081641,-0.129796,-0.109051,-0.309681,-0.108798,0.035287,-0.103124,-0.093386,-0.105693,-0.194122,-0.107413,-0.187716,-0.189247,0.094444,0.022393,-0.048407,-0.053409,-0.067576,0.017857,-0.085728,-0.158791,-0.130951,-0.022415,0.056934,-0.014449,-0.065956,-0.168581,-0.090538,-0.076669,-0.170828,-0.284314,-0.342876,-0.092188,-0.286122,-0.141344,-0.090503,-0.26556,-0.150685,-0.278337,-0.155873,-0.049021,-0.221413,-0.08498,0.083182,-0.075269,-0.136094,-0.125498,-0.112614,-0.012151,-0.068008,-0.054338,-0.058135,-0.162782,-0.079772,-0.097842,0.064225,-0.076425,-0.11681,-0.076394,-0.136825,-0.119896,-0.082666,-0.133529,-0.155215,-0.065857,-0.134851,-0.024659,-0.116043,-0.020975,-0.147325,-0.129287,-0.119466,0.074629,-0.105165,-0.111936,-0.142539,-0.094816,-0.011258,0.070105,0.008753,0.055855,0.073108,-0.078895,0.009076,-0.127344,-0.145506,-0.192807,-0.139032,0.002411,-0.053769,-0.158484,-0.082627,-0.268679,-0.107348,-0.136432,-0.1418,-0.068215,-0.073553,-0.130168,-0.100032,-0.054354,-0.214334,-0.049877,-0.119093,-0.064539,-0.042715,-0.11616,-0.159221,0.149236,-0.097955,-0.06444,-0.06707,-0.021653,0.049763,-0.106366,-0.064847,-0.073745,-0.016753,-0.087045,-0.072294,-0.083215,-0.111966,-0.116078,-0.141632,-0.136944,-0.172365,-0.134254,-0.171496,-0.057831,-0.125532,-0.163274,-0.149571,-0.068682,-0.072262,-0.053475,-0.253767,-0.029465,-0.134997,-0.059062,-0.054129,-0.044206,-0.087676,-0.029466,-0.182524,-0.091964,-0.098361,-0.128778,-0.185343,-0.054501,-0.170228,-0.126728,-0.061047,-0.071351,-0.128023,-0.165041,-0.096115,-0.16903,-0.133446,-0.133445,0.003779,-0.137545,-0.120868,-0.115285,-0.124853,-0.14545,-0.125862,-0.109938,-0.086138,-0.086174,-0.13227,-0.111319,-0.065514,-0.083907,-0.103377
2020-03-31,-0.180192,0.016,-0.22082,-0.210627,-0.160903,-0.200322,-0.328111,-0.497913,-0.175102,-0.159349,-0.601543,-0.511013,-0.067494,-0.266359,-0.256964,0.017182,-0.422311,-0.142906,-0.134769,-0.442582,-0.64656,-0.383461,-0.269335,-0.370697,-0.508723,-0.335063,-0.3943,-0.180595,-0.308523,-0.350783,-0.376562,-0.371401,-0.170037,-0.296573,-0.424677,-0.252757,-0.204621,-0.143668,0.099288,-0.28765,0.163329,-0.342847,-0.086188,0.023049,-0.383459,-0.056383,-0.67113,-0.222915,0.260533,-0.038971,0.008513,0.005952,0.026886,-0.440953,-0.176897,-0.683787,-0.814308,-0.742739,-0.472094,-0.467377,-0.466667,-0.674802,0.001883,-0.721063,-0.586823,-0.418368,-0.575247,-0.249523,-0.490281,-0.100167,-0.575766,-0.503425,-0.218786,-0.163071,0.023601,-0.019963,-0.213773,-0.205317,-0.335143,-0.246133,-0.171612,-0.139458,-0.412155,-0.202404,-0.479728,-0.441626,-0.087959,0.025406,0.093929,-0.109,-0.342261,-0.059695,-0.004147,-0.170988,-0.127862,0.127804,-0.068925,-0.176035,-0.287364,0.037307,-0.179421,-0.096104,-0.48556,-0.132186,-0.011465,-0.080033,-0.302872,0.030438,-0.018201,-0.296703,-0.167218,-0.22156,-0.304942,-0.400359,-0.157714,-0.126747,-0.108385,-0.037307,-0.132273,-0.08521,-0.218103,-0.278769,-0.335781,-0.043995,-0.318118,-0.168242,-0.125402,-0.435791,-0.19835,-0.206009,-0.150114,-0.156173,-0.101922,-0.17639,-0.074642,-0.036874,-0.097747,-0.177694,-0.16819,-0.212609,-0.043852,0.084934,-0.029257,-0.104585,-0.068639,-0.263845,-0.316807,-0.19538,-0.009549,-0.362778,-0.230753,-0.320138,-0.259851,-0.115291,-0.400677,0.045098,-0.227834,-0.038581,-0.396134,0.018056,-0.301231,-0.225526,-0.300112,-0.092429,-0.279786,-0.129584,-0.104059,-0.478309,-0.118332,-0.469832,-0.366962,-0.130089,-0.190855,-0.324188,-0.72429,-0.420807,-0.101878,-0.394772,-0.441432,-0.179883,-0.584624,-0.325792,-0.193438,-0.251887,-0.091577,-0.106464,0.075448,-0.027375,-0.110288,-0.113158,-0.028737,0.018018,0.000502,-0.142164,-0.085373,0.067241,0.006819,-0.098833,0.049208,-0.082282
2020-04-30,0.061006,0.165354,0.196356,0.136137,0.481077,0.122622,0.515959,0.213234,0.008061,0.170645,0.401374,0.291892,0.086719,0.05404,0.208025,0.0016,-0.013793,0.077355,0.266003,0.421,0.938385,0.368196,0.201847,0.150577,0.15341,0.687565,0.217697,-0.026518,0.182528,0.42731,0.196763,0.321284,0.099496,0.157674,0.439606,-0.010216,0.051269,0.214129,0.146799,0.1924,0.117805,0.074606,0.075497,0.090925,0.328252,0.209134,0.398213,-0.035814,-0.056162,0.18068,0.177725,-0.069207,0.197818,0.056202,1.557022,0.61017,2.339553,1.83871,0.285859,0.617501,0.279256,0.934749,0.992481,0.748299,0.570208,0.442832,0.532759,0.481599,-0.186441,0.421149,0.263258,0.168965,0.045901,0.074299,0.139294,0.054933,0.182956,0.17439,0.172166,0.242073,0.215293,0.039128,0.21687,0.14364,0.266212,0.265615,0.129634,0.368163,-0.171728,0.008652,0.374853,0.115918,0.25542,0.079968,0.205456,0.203128,0.174492,0.096486,0.112275,-0.038389,0.022727,0.043103,0.343482,0.30624,0.143432,0.141682,0.184537,0.086931,0.109324,0.377038,0.012432,0.168199,0.33888,0.179155,0.258091,0.065987,0.049743,0.06993,0.270955,-0.019665,0.118307,0.162028,0.214741,0.127106,0.228893,0.111956,-0.05211,0.142255,0.215801,0.128829,0.077609,0.304453,0.159781,0.196016,0.161326,0.138274,-0.009824,0.14901,0.189755,0.173943,0.151912,0.212093,0.054595,0.087757,0.099885,0.250582,0.138329,0.226077,0.074621,0.063771,0.299055,0.12665,0.0461,0.098368,0.181732,-0.096029,0.477864,0.053722,0.164144,0.188835,0.297473,0.227728,0.232075,0.094263,0.114267,0.051858,-0.05935,0.250372,-0.007071,-0.014226,0.030613,0.136624,0.170903,0.210163,0.348358,0.124809,0.020382,0.080253,0.173993,0.041993,0.231416,0.149544,0.039244,0.131608,0.045449,0.065426,0.089707,-0.077594,-0.023988,-0.032641,-0.005593,-0.046759,-0.020408,-0.035768,-0.001799,-0.028994,0.025318,0.012944,-0.107313,-0.012372
2020-05-29,0.206335,0.156965,-0.012961,-0.004028,0.075525,-0.051061,0.064871,0.199227,0.021768,0.044342,0.052521,-0.125523,-0.010053,0.092583,0.13549,0.070573,-0.076923,-0.029018,0.087079,-0.026307,0.131873,0.195519,0.086021,0.062472,0.096058,0.248343,-0.023068,0.323788,0.021021,0.181443,0.21798,0.226415,0.090759,0.159825,0.322299,0.056193,-0.074372,-0.060455,0.040371,0.846617,0.209336,-0.017356,0.037315,0.020008,0.3114,-0.144161,0.051136,0.038487,0.073476,0.023472,0.134382,0.139865,0.113843,-0.333945,0.027444,-0.068421,-0.130863,0.113636,-0.013449,-0.142194,0.364325,0.018849,-0.038679,0.249027,0.0,-0.12657,0.077942,-0.145416,-0.171876,-0.300261,0.064492,-0.070796,-0.02257,-0.031279,0.018525,0.121089,-0.047594,0.097741,0.072629,0.091106,0.04151,0.3747,-0.005719,-0.045455,-0.023774,0.119105,0.08167,0.119085,0.087396,0.051747,-0.005747,0.151496,0.116383,0.112903,-0.055828,0.127594,0.012246,0.10172,0.101297,0.149458,0.052107,0.341598,0.206799,0.102156,0.028359,-0.036034,0.06339,-0.089782,0.03711,0.095934,-0.005082,0.048518,-0.014239,-0.073483,0.172071,0.050581,0.068938,0.086057,0.291411,0.113775,0.048914,0.139652,0.069223,0.120812,-0.04006,0.060807,0.05801,0.051353,0.068448,0.240223,-0.040563,-0.048468,0.080258,-0.092605,0.073739,-0.036618,0.442836,0.024406,0.04414,0.137527,-0.04127,0.093703,-0.052237,0.182069,0.078129,-0.077342,0.104438,0.062438,0.060009,0.050391,0.125103,0.191781,0.094247,0.057866,0.12686,0.127857,0.016812,0.070684,0.18946,-0.027257,0.06387,0.063976,0.093103,0.083895,0.130461,-0.035939,0.129365,-0.025328,-0.022594,-0.032824,-0.038297,0.002912,0.029276,-0.158937,-0.088352,-0.071477,-0.011652,-0.051808,0.077264,0.031488,0.073079,-0.017875,-0.006345,0.055004,0.02355,0.104529,0.010267,0.168504,0.006839,0.005753,0.039668,0.06062,-0.000548,0.042121,-0.023945,0.037422,0.027993,-0.080347,0.051267,0.05547
2020-06-30,0.071374,0.202269,0.008591,-0.139132,0.240232,0.020346,0.304725,0.004561,0.106087,-0.021515,-0.231537,0.063796,-0.020311,-0.100683,-0.024249,-0.029851,0.575758,-0.19272,-0.030233,-0.105547,-0.089184,0.017036,0.028006,0.091845,0.417978,0.311805,-0.101535,0.003618,-0.145041,0.285166,-0.070375,0.108654,-0.025341,-0.081581,0.095252,0.049946,-0.094837,-0.182874,0.010923,0.269686,0.018305,0.064436,-0.006907,-0.026481,0.112602,0.109415,-0.082432,0.037492,-0.001795,0.08396,0.070902,0.01426,-0.019079,0.231405,-0.060099,-0.035781,0.065341,0.084182,-0.017643,0.091892,0.022046,0.154813,-0.151129,-0.004673,-0.05511,-0.014216,0.081237,-0.114895,0.171908,-0.182836,-0.0308,-0.085714,0.059315,0.012509,-0.075244,0.068161,0.119183,0.026047,-0.00734,-0.085022,-0.06297,0.040073,0.10797,-0.006123,0.051864,0.11433,-0.143239,-0.015081,0.039767,0.005529,0.043575,-0.12699,-0.081067,-0.038373,0.030174,-0.056196,0.048924,-0.060074,-0.053252,-0.057345,0.041515,-0.022587,-0.068662,0.01467,-0.024356,-0.183443,-0.077419,-0.076696,-0.109953,0.114119,0.111317,0.029265,0.094862,0.100495,0.025267,0.002788,-0.002785,-0.020764,-0.028741,-0.062991,0.004164,0.069347,-0.030694,-0.008,0.044462,-0.037834,-0.020125,0.060544,0.05528,-0.021879,0.099223,0.030198,0.165276,0.031712,-0.035445,0.070574,0.026497,0.098723,0.092655,0.063931,-0.147627,-0.097988,-0.0435,0.039529,-0.117674,0.028407,0.124738,-0.003672,-0.077328,0.038849,0.033164,0.057471,0.051827,0.040703,0.093039,-0.057526,0.171238,0.009265,0.086404,-0.031399,0.037233,0.066369,0.028886,-0.027791,-0.065399,0.056476,-0.039917,0.148746,0.046438,0.012288,0.130296,0.02158,0.094633,0.055233,0.31718,0.104226,0.055963,0.189691,0.072065,-0.041452,0.049414,0.16178,-0.030652,0.009301,-0.062855,0.052487,-0.090849,-0.128004,-0.104525,-0.081834,-0.061032,-0.082411,-0.091336,-0.083415,-0.096015,-0.041215,-0.065226,-0.070973,0.014894,-0.049787
2020-07-31,0.09932,-0.040635,0.001703,0.046293,-0.045551,-0.037886,0.110258,0.047317,0.076651,-0.023139,0.024243,-0.098951,-0.038873,-0.055218,0.139645,-0.124599,0.0625,-0.102674,0.176038,-0.027655,0.120417,0.082859,0.012475,-0.215311,0.05943,0.114374,0.086728,0.04033,0.015406,-0.0239,0.036133,0.143105,0.052318,0.054241,0.302942,0.148914,0.091967,-0.091178,0.064828,0.24639,0.030871,-0.060222,0.042169,0.005856,-0.06345,0.083541,-0.150957,-0.150779,-0.011915,0.148099,0.051295,0.023227,0.051959,-0.170022,0.147425,-0.152344,-0.213333,0.021177,-0.060408,-0.013203,0.026195,-0.042754,0.115607,-0.120501,0.118158,-0.045251,0.096462,0.00402,0.112701,0.223745,-0.086109,0.083332,-0.014715,0.016715,-0.015097,0.054282,-0.077387,0.026243,-0.050699,-0.064331,-0.037162,0.255718,-0.013111,-0.044758,0.16952,-0.04024,0.009114,0.031502,0.073447,0.030338,0.037979,0.009851,0.162573,0.177085,0.046844,0.220856,-0.023745,0.096853,-0.121186,0.091161,-0.057343,-0.090336,0.00126,-0.020372,-0.142356,-0.021215,-0.099658,-0.003147,-0.009851,-0.008097,0.03647,0.020656,-0.02346,-0.022791,0.074384,0.12045,0.099135,0.051035,0.047444,0.07552,0.183376,0.003737,-0.036988,0.026268,-0.136669,0.035739,0.000164,-0.050193,0.159414,-0.028947,0.085557,0.066242,-0.016706,-0.04195,0.045016,0.002394,-0.144367,0.052863,0.151065,0.155382,0.109259,0.187079,0.139018,-0.028941,0.034846,0.049962,0.015844,0.000921,-0.064098,0.076739,0.071654,-0.061594,0.142552,0.008443,0.034438,0.056926,-0.06619,-0.010518,0.234698,0.18092,-0.015384,-0.08883,0.09233,-0.003575,0.050116,0.019175,0.099296,-0.102184,0.132754,-0.074567,0.013543,0.14256,0.115955,-0.096572,-0.149387,0.084906,0.120614,-0.140842,0.021483,0.040235,-0.135829,0.011433,0.097493,0.048427,0.0673,0.06418,0.008545,-0.062845,0.055489,0.021179,-0.048698,-0.017521,-0.061634,0.031915,-0.013922,-0.022256,0.005833,0.020335,-0.017401,0.028212
2020-08-31,-0.060902,0.087439,0.0005,0.067083,0.007583,0.139101,0.066427,0.102523,0.022636,0.191039,0.238376,0.222962,0.226155,0.041823,-0.156109,-0.06444,-0.00905,0.233956,0.018503,0.207372,0.674972,0.102712,0.032162,0.156293,0.300673,0.011151,0.423216,0.261623,0.0,0.110462,0.185689,0.111381,0.002223,0.133521,-0.03176,-0.032403,0.003198,0.042345,0.030158,0.323789,-0.11486,0.04995,-0.070058,0.061328,0.093505,0.011075,0.284475,0.092443,-0.121957,0.182717,0.267654,0.120626,0.074749,-0.03504,0.154798,-0.013824,-0.176273,0.120967,0.042572,0.076924,0.005202,0.048849,0.135751,-0.040925,-0.007733,-0.130729,-0.019572,-0.082979,0.104502,0.074628,-0.063053,-0.16346,0.002489,0.009117,0.069343,0.014046,-0.001889,0.046578,-0.011782,-0.018719,0.040342,0.063722,0.016448,0.005355,0.092677,0.008461,-0.00623,-0.058428,0.066907,0.105167,-0.041996,0.173101,-0.031054,-0.033319,0.07322,0.026506,-0.053162,-0.057375,0.114818,0.051334,-0.004451,-0.050808,-0.092511,0.097943,-0.047631,0.022815,0.053064,0.08986,-0.020436,0.134061,0.102825,-0.004048,0.132749,0.064944,0.123483,0.043159,-0.018101,0.080964,0.436143,0.05508,0.085711,0.193,0.091738,0.017241,-0.08218,0.066256,0.096573,0.130952,0.000936,-0.090108,-0.03543,0.018827,-0.093967,0.029566,-0.069451,0.018904,0.206939,0.02396,0.12762,0.099067,-0.115862,-0.140428,-0.019283,0.033661,0.043511,-0.143617,0.093641,-0.01013,-0.00619,0.353378,-0.020367,0.27027,0.019194,0.057652,-0.025209,-0.025534,-0.047417,0.033366,0.044876,-0.001832,0.023836,0.067783,-0.020143,0.002869,0.074917,-0.000747,0.065723,0.025195,0.022374,0.191755,-0.000282,-0.028916,-0.005572,0.053569,0.058879,0.054037,0.053995,0.138804,0.026349,-0.02832,0.128537,0.018261,-0.031611,0.035693,-0.028862,0.05239,-0.090021,0.024818,-0.135509,-0.021823,-0.02962,-0.013997,-0.055952,-0.082119,0.024799,-0.006189,-0.031838,0.003901,-0.028236,-0.014649
2020-09-30,-0.012462,-0.009223,-0.086883,-0.082439,0.155821,-0.061395,0.077872,-0.063327,-0.086755,-0.19621,-0.317406,-0.054422,-0.18829,0.081318,-0.112797,0.001896,-0.26484,-0.011002,-0.048866,-0.178845,-0.05151,-0.140466,-0.042833,0.05697,-0.020701,0.016124,-0.115973,-0.0626,0.142831,0.070659,-0.034056,0.0213,-0.048059,-0.016998,0.149537,0.088372,-0.108395,-0.064375,-0.069082,0.169414,-0.10364,0.054415,-0.05108,-0.080593,-0.059396,0.010646,-0.018231,-0.163868,-0.005701,-0.017165,-0.163674,0.010002,-0.018678,-0.24581,-0.1126,-0.33528,-0.345678,-0.151079,-0.245,-0.197204,-0.17988,-0.3508,-0.138686,-0.346939,-0.255913,-0.258238,-0.131281,-0.292435,-0.023289,-0.239584,-0.111044,-0.118775,-0.073054,-0.101573,0.013386,-0.044292,-0.003933,-0.093793,-0.10425,-0.040845,-0.05073,-0.082276,-0.082472,-0.073927,0.074621,-0.12986,-0.086635,-0.008952,-0.10726,-0.139107,-0.074653,-0.12385,0.013508,-0.115292,0.084032,-0.047576,-0.129358,-0.054022,-0.106298,-0.071087,-0.055887,-0.055961,0.064494,-0.114053,0.04193,-0.026879,-0.147993,-0.087295,-0.000274,0.125451,-0.063501,0.108774,0.032763,-0.074258,-0.06006,0.034557,-0.045579,-0.057688,-0.141278,0.118553,0.044585,0.000554,0.058972,0.078211,-0.147738,0.065264,-0.039477,-0.059564,0.005769,0.01936,-0.12069,-0.066885,-0.045924,-0.053651,-0.090222,-0.044527,-0.156044,-0.071513,-0.011678,-0.057602,0.11322,-0.076597,-0.056211,-0.017076,-0.060388,0.019641,0.065745,-0.022325,-0.076203,0.004881,0.077416,-0.024316,0.055644,0.045636,0.104072,-0.000716,-0.046895,-0.03696,-0.104129,-0.033894,-0.026479,0.044547,-0.03759,0.013278,-0.068587,-0.039766,0.032362,-0.009322,-0.04183,-0.035639,-0.026241,-0.061067,-0.052366,-0.059169,-0.143756,0.093323,-0.088083,0.030249,-0.070128,-0.042211,-0.14887,-0.010247,-0.058694,-0.035208,-0.111235,0.05684,0.003658,-0.028914,-0.058475,-0.046184,-0.092405,-0.068942,-0.075702,-0.046708,-0.068983,-0.014853,0.036499,-0.074335,-0.041685,-0.035852
2020-10-30,-0.071935,0.0554,0.06903,-0.058745,0.508617,-0.145689,0.091889,-0.083732,0.032448,-0.078091,-0.180999,0.299281,-0.013884,-0.025702,-0.078595,-0.013377,0.453416,-0.019358,-0.04662,0.008634,0.019195,-0.059515,0.107841,0.057383,0.142102,-0.000329,0.073522,-0.08955,0.059546,0.224667,-0.07901,-0.024064,0.079328,0.084451,-0.21107,0.176923,0.050656,0.118237,-0.009691,-0.114487,-0.089823,-0.042553,-0.063293,-0.028144,0.10343,0.038375,-0.070151,0.099331,-0.000521,0.025526,0.151154,-0.070805,-0.024293,0.074074,-0.006043,-0.179262,0.019469,-0.144068,-0.072847,-0.160541,0.102232,-0.134528,0.027542,0.159091,-0.101756,-0.110662,-0.114122,-0.096136,-0.126678,0.212329,0.015018,-0.439132,0.104477,0.113057,0.061812,-0.084747,0.102223,-0.025632,0.302973,0.063283,0.10588,-0.01425,0.140361,0.115328,0.11648,-0.089372,0.126391,0.118898,0.035471,0.01107,0.176262,0.052504,0.137663,0.08166,-0.060611,0.128982,-0.010537,0.070189,0.002336,-0.004226,-0.142857,0.072165,-0.054723,0.150575,0.126061,0.158625,-0.00949,-0.027194,-0.093081,0.015855,-0.12788,-0.086028,0.166193,0.067057,0.170604,0.056649,-0.083537,-0.053989,0.229459,-0.022037,0.037162,0.10107,0.071702,-0.016051,0.064142,-0.01677,0.071059,0.034398,-0.01279,0.007305,0.052856,-0.013339,0.137184,-0.045279,-0.051921,0.047113,0.007475,-0.015433,-0.044327,-0.042631,0.021053,-0.103663,-0.029657,0.032087,-0.021657,0.118703,0.069598,0.115128,0.044899,0.012589,0.034818,0.28972,-0.012396,0.139975,-0.118713,0.023763,-0.016144,-0.042686,-0.031514,-0.063095,0.054954,0.174225,-0.016215,-0.056778,-0.039056,-0.02467,0.050139,-0.062446,0.015297,0.082881,-0.057285,0.000252,0.024622,-0.088401,0.025035,-0.098253,-0.040091,-0.09913,-0.045685,-0.099541,-0.133091,0.059284,0.038795,-0.019406,0.097998,0.044511,0.041521,0.198951,0.107042,0.059263,0.079941,0.000434,0.053384,0.071752,0.060271,-0.003469,0.153143,-0.026378,0.025777,0.037664
2020-11-30,0.081946,0.192071,0.135527,0.19599,0.127697,0.241107,0.590732,0.286102,0.21507,0.11647,0.886446,1.104097,0.07658,0.221299,0.256899,0.115632,-0.017094,0.320124,0.050249,0.387546,0.150896,0.081444,0.183263,0.219401,0.077635,0.321655,0.225604,0.206302,0.089223,0.125358,0.236294,0.097123,0.178171,0.188761,0.035136,0.124909,0.304595,0.128435,0.041892,0.603681,0.111286,0.144658,0.088306,0.071781,0.072521,0.177971,0.704882,0.322698,0.020339,0.195459,0.252139,0.0192,0.027721,1.47931,0.109423,0.554604,1.627319,0.439887,0.459524,0.440089,0.337294,0.322816,-0.029897,0.487745,0.683593,0.284287,0.369559,0.321074,0.622868,-0.082862,0.553749,0.046513,0.100738,0.142016,0.033174,0.091547,0.156044,0.185347,0.250487,0.140083,0.059598,0.281542,0.148749,0.196336,0.131056,0.368945,0.138827,0.00165,0.117823,0.192381,0.128329,0.152724,-0.081716,0.011482,0.15955,0.13868,0.076251,0.190644,0.392309,0.000554,0.211786,-0.050481,0.283253,0.1003,0.219806,0.116332,0.233362,0.061365,0.0769,0.101042,0.331838,0.20854,0.213915,0.17033,0.18204,0.183399,0.200423,0.109581,-0.03203,0.104872,0.203106,0.23513,0.157226,0.089379,0.314627,0.136286,0.168131,0.34521,0.230213,0.139956,0.097166,0.070204,0.446208,0.23024,0.093647,0.143959,0.140407,0.074346,0.043308,0.129444,0.163061,0.081503,0.206365,0.103569,0.211732,0.15688,0.115453,0.182709,0.033744,0.187027,0.204849,0.32971,0.067331,0.096133,0.161333,0.037419,0.141418,0.197261,0.20333,-0.015406,0.098019,0.176376,0.08129,0.152747,0.136258,0.061704,-0.041262,0.393248,0.031425,0.61079,0.177757,0.051997,-0.039254,0.287616,0.46788,0.243341,0.109929,0.389962,0.276178,0.311225,0.510906,0.060082,0.052649,0.097094,0.040611,0.05074,-0.014302,0.113535,0.052926,0.083295,0.131939,0.155215,0.141327,0.112603,0.047322,-0.007323,0.069952,0.12944,0.115328,0.061672
2020-12-31,0.206478,0.086057,-0.01849,0.086777,0.127195,-0.066987,-0.111057,0.037435,0.225615,-0.012787,0.126861,0.616316,-0.021052,-0.0048,0.266667,0.331889,0.091304,0.090168,0.020827,0.122687,0.128916,0.010484,0.114245,0.120162,-0.036737,0.107094,-0.065011,0.0864,-0.144116,0.064018,0.035189,0.159321,0.040798,0.011311,-0.081309,0.126533,-0.017609,0.038115,-0.008206,0.56,-0.050543,0.087869,0.028055,-0.033386,0.158694,0.120694,0.114534,0.113791,-0.040634,0.037332,-0.078069,0.08988,-0.035714,-0.023644,-0.082191,-0.02204,0.446809,0.184676,0.119902,0.1296,0.114543,0.202783,0.147715,0.30972,0.225855,0.053748,0.123707,0.20918,-0.090448,-0.102671,0.017128,0.785189,0.112531,0.046114,0.043134,-0.003775,0.167355,0.028095,0.169299,0.112153,0.050376,-0.166681,0.022853,0.078962,0.235188,0.174844,0.136468,0.0582,0.087956,0.083468,0.118383,0.085553,0.082526,0.039652,-0.008071,0.010334,0.118939,0.069551,-0.027619,0.113664,0.025076,0.156962,0.05102,0.00799,-0.056477,0.052282,0.126231,0.136672,-0.01968,0.19828,0.019963,0.064611,0.042891,0.087271,0.035866,-0.029099,0.069192,0.004493,0.2014,0.048439,0.114366,0.053377,-0.040663,-0.026461,0.024308,-0.000334,0.048801,0.020208,0.061208,0.110687,0.105535,0.012852,0.049268,0.164897,0.111167,0.086426,0.105014,0.046848,0.111749,0.018419,0.026217,0.282707,0.159338,-0.014669,0.022693,0.219947,0.085829,0.283851,0.082381,0.050228,0.036547,0.322434,0.113859,0.028583,0.22388,0.116924,0.092968,0.020496,0.085889,0.097042,0.083796,0.108088,0.053612,0.110839,0.154423,0.020205,0.043718,0.083824,0.029398,0.055616,0.085411,0.012056,0.055789,-0.04035,0.067002,0.044152,0.052244,0.038888,0.054006,0.011713,-0.097723,0.051936,-0.016363,-0.005377,0.060168,0.090878,-0.054475,0.145539,0.043812,0.010192,0.086806,-0.030437,0.011302,0.016239,0.070065,0.077079,0.044747,0.081472,0.091956,0.019805
2021-01-29,-0.040939,-0.074939,-0.017269,-0.120641,0.05732,0.269744,-0.043708,0.041029,0.252733,0.009693,0.16255,0.127971,0.015966,0.076367,-0.078159,-0.001095,0.095618,0.050671,-0.048139,-0.117877,0.040834,0.246877,-0.052003,0.018801,0.002972,0.119049,0.071484,-0.037682,0.086381,0.117459,-0.021366,-0.008401,-0.022657,-0.046602,-0.030911,0.038395,0.10998,-0.011729,-0.038388,0.061419,0.126866,-0.051308,-0.040676,0.00278,-0.136165,0.030629,0.062281,0.027938,0.021311,-0.018875,0.784923,-0.049801,0.095312,-0.092593,0.374627,0.192958,0.370917,0.266999,-0.098325,0.199717,0.02425,0.022314,0.173148,0.062893,0.169201,0.147651,0.004986,0.167393,0.09838,0.041191,0.048359,0.589208,-0.032603,0.013889,-0.035401,-0.090707,0.083481,0.04017,0.137281,-0.027682,0.017504,-0.062809,0.078563,0.04718,-0.033223,-0.073355,0.016956,-0.05223,-0.070763,-0.029859,0.19786,-0.054125,-0.015731,-0.015106,0.045182,0.043678,0.062434,0.069462,0.198537,-0.027618,0.206079,0.052516,-0.084824,-0.0245,-0.101197,-0.037558,-0.091021,-0.046669,0.147118,-0.013161,-0.005924,-0.051889,0.013439,-0.035007,-0.0224,0.050009,0.064134,-0.023056,0.074417,-0.006221,0.07576,-0.021975,0.006428,-0.00462,-0.020644,0.04505,0.115653,-0.060962,0.027726,0.088202,0.031375,0.063896,-0.049977,0.005696,0.019829,0.030077,-0.151244,-0.016494,-0.038845,-0.043599,0.139781,0.136211,0.133827,0.056674,0.018655,-0.103024,-0.06299,-0.039481,-0.015315,0.128205,-0.019246,0.053571,0.085644,-0.04392,0.079738,-0.071081,0.070151,-0.022616,0.022599,-0.01753,-0.021613,-0.045928,0.009975,-0.075561,0.012624,-0.047678,0.036596,0.037055,-0.003461,-0.042946,-0.034336,-0.035367,-0.044695,0.079,0.471415,-0.017925,0.04663,0.075866,-0.033391,-0.058507,0.219692,-0.011169,-0.029918,0.029463,-0.080496,-0.029753,-0.013004,0.264511,-0.011223,-0.037917,-0.01519,-0.047414,-0.044503,-0.065855,-0.068529,-0.028298,-0.062656,-0.066268,0.01129,-0.090676
2021-02-26,0.031861,0.092878,-0.063176,0.188153,0.240272,-0.007269,0.051437,0.216872,-0.222448,-0.045867,0.10919,0.410797,-0.056126,0.075056,-0.112821,0.155009,0.149091,0.085152,0.002646,0.323521,0.164912,0.014688,0.101685,0.218593,0.232099,0.106384,0.235873,0.230355,0.116077,0.095687,0.122228,0.032801,0.070499,0.162506,0.050461,0.11479,-0.113836,0.155315,-0.019364,0.114794,-0.067991,0.071076,0.195177,-0.054666,0.178768,0.030894,0.141077,0.176745,-0.00626,0.118943,-0.370991,0.000516,0.078269,0.204082,0.046689,0.676504,0.651965,0.367147,0.219709,0.423849,0.180095,0.332126,-0.004736,0.39645,0.203252,0.291228,0.219761,0.309168,0.312961,0.254945,0.193863,0.122716,0.067956,0.087994,-0.019892,0.007771,0.270348,0.017102,0.346241,0.089413,0.107405,-0.060726,0.172462,0.199803,0.087366,0.104719,0.161844,0.029264,0.080524,0.047805,0.109257,0.01313,0.018701,-0.060744,-0.030242,0.06195,-0.127684,0.053377,-0.014363,-0.139701,0.148125,0.120582,0.029592,0.028994,0.019147,0.106833,0.194986,0.014769,0.04275,0.335007,0.025449,0.075034,0.092127,0.040495,0.13454,0.139613,0.161231,-0.090253,-0.056199,0.069177,0.169085,0.039695,0.155489,0.09337,0.232467,0.033797,0.033545,0.331558,0.02253,0.104211,0.047249,-0.013082,0.110105,0.078165,-0.003756,0.187314,0.073359,0.091784,0.08472,0.038447,-0.127121,-0.298332,0.015132,0.059318,-0.103093,0.362939,0.119409,0.06297,-0.033683,0.132511,0.11093,-0.130378,0.139507,0.109924,-0.165143,0.115201,0.005911,0.036254,0.257042,0.031018,0.128817,0.124642,0.054945,0.01341,-0.012467,0.024777,0.06085,0.162433,-0.024929,0.191828,0.124103,0.050935,0.062722,0.07998,-0.167219,0.114313,0.061463,0.202635,0.042916,0.063411,0.139758,0.057229,-0.040957,0.064462,-0.015358,-0.103294,0.049426,-0.249562,-0.003074,0.009883,0.122251,-0.076896,0.085471,0.073619,0.030347,-0.050595,0.042394,0.084723,0.00982,0.006045
2021-03-31,-0.010748,-0.10121,0.041026,-0.067013,-0.203625,0.106868,-0.190876,0.020938,0.076742,0.293069,-0.090868,-0.148557,0.239552,-0.033692,-0.081696,0.028854,-0.012658,0.076136,0.159727,-0.048281,0.036011,0.110033,0.092885,0.098977,0.193587,-0.084442,0.09705,-0.013918,0.147741,0.048618,0.071339,0.004101,0.008197,-0.056666,0.090262,-0.013861,0.150731,0.062528,0.108164,-0.192844,0.261014,-0.028707,0.003865,0.105321,0.046004,0.00311,-0.021837,-0.027325,0.008399,0.018797,0.026227,0.008142,0.272149,0.174707,0.071577,-0.00352,0.181097,0.123742,-0.091391,-0.048093,-0.079535,0.004899,0.165741,-0.032203,-0.033941,-0.131341,-0.039222,-0.113192,0.005618,-0.029773,-0.061608,-0.288372,0.142011,0.06674,0.051874,0.015399,0.064728,0.046662,0.032019,0.025719,0.038392,-0.063956,0.03788,0.130652,0.145172,0.004176,0.053136,-0.104364,0.069293,0.069439,-0.008976,-0.01328,-0.022806,0.119483,0.007024,-0.084656,-0.141985,0.054806,-0.174256,0.032816,0.144004,0.248609,0.179501,0.074659,-0.473147,-0.122451,0.044336,-0.009928,0.056821,-0.060262,0.338199,0.04821,0.116276,0.054495,0.149853,-0.019151,0.119434,0.043946,0.212458,0.023519,0.109437,0.035992,0.107445,0.138791,-0.036445,-0.068141,-0.028188,0.064442,0.045613,-0.073403,-0.029666,0.001262,-0.005731,0.096223,0.182524,-0.094195,-0.137849,0.093594,0.061776,-0.135849,0.036806,0.078427,0.012082,-0.003325,-0.02949,-0.243859,0.04067,0.013296,0.00803,0.076895,0.013798,0.507496,0.072021,0.001927,-0.106416,0.050687,-0.03271,0.062615,0.164881,0.122649,0.065204,0.098359,0.055278,0.149231,0.061722,0.045819,0.032694,0.027947,0.061196,0.002846,0.005247,0.078365,0.069072,0.057056,-0.094428,-0.00564,-0.003976,0.00626,0.008129,0.053965,0.031209,0.091025,0.105569,0.079298,0.159207,0.024763,0.102005,-0.082037,0.135721,0.128634,0.022791,0.148425,0.122605,0.126167,0.139437,0.035182,0.101988,0.187515,0.025296,0.120722
2021-04-30,-0.10167,0.132843,0.001642,0.029979,0.182253,-0.038951,0.119157,0.049704,-0.07903,0.000871,0.038706,-0.037491,-0.064419,-0.004673,0.035669,0.057077,0.429487,0.009511,-0.035695,0.024168,-0.055305,0.004372,0.01429,0.068587,0.120482,-0.014281,-0.034687,-0.070003,0.021101,0.2445,0.047721,0.161709,-0.010414,0.11486,0.157419,0.077309,0.074291,0.007146,-0.006175,0.192508,-0.037941,0.038977,0.038812,-0.043061,0.127469,-0.131369,0.058109,0.037643,-0.026713,0.163781,-0.006543,0.053319,-0.066713,0.110988,-0.049371,0.002119,-0.034223,0.121962,0.08965,-0.019164,-0.015805,0.031688,-0.087075,-0.058669,-0.051894,0.110011,-0.026453,0.089531,-0.021548,-0.009024,-0.049332,0.209151,0.127289,-0.022751,-0.003609,0.089536,0.08146,0.080841,0.112558,-0.02043,0.015664,0.055886,-0.01545,0.002184,0.058638,-0.019166,0.038261,-0.018999,-0.000986,0.049628,0.010565,0.163775,0.103227,0.047083,0.131458,0.088987,-0.047598,0.065961,0.117206,0.036514,0.109031,-0.181278,0.027126,0.062124,-0.203101,-0.394109,0.019327,0.013775,-0.011797,0.079989,0.125223,0.041016,0.055387,0.021386,0.017001,-0.059608,0.048626,0.030051,0.010339,0.113952,0.015803,0.033264,0.036188,0.006002,0.056735,0.07159,0.053591,-0.001011,0.02994,-0.023663,0.042038,0.099521,-0.132121,0.058058,-0.036009,-0.000851,0.022771,0.006533,0.153924,0.110198,-0.12242,-0.03264,0.077674,-0.001365,0.074328,0.014552,0.057439,0.196282,-0.088305,0.112939,0.047857,-0.111885,0.027751,0.059318,-0.074723,0.014193,0.068991,0.034123,0.187883,0.003331,0.046529,0.074043,-0.028839,0.021476,0.038436,0.048542,0.119218,0.116163,0.102183,0.014708,0.06519,0.086918,0.089926,0.007931,0.178633,0.147175,0.124961,0.087985,0.046659,0.046338,0.024039,0.107895,0.05004,0.065838,0.025108,0.019545,0.0147,-0.078059,0.071413,0.033099,0.05217,0.046288,0.019624,0.043405,0.022958,0.04721,0.02102,-0.03623,0.042776,0.047906
2021-05-28,-0.057036,-0.078712,0.027145,0.001082,0.004853,0.09804,-0.193567,0.035464,0.005791,0.119234,0.068868,-0.258427,0.106065,-0.012279,0.143436,0.113101,0.044843,0.029174,-0.031197,0.027025,-0.084612,-0.13547,0.051784,0.025207,0.010574,-0.171337,0.090808,-0.056596,0.115004,0.011187,0.026673,-0.113686,0.009096,0.00529,0.012031,-0.01165,0.061329,0.003339,0.027231,0.143805,0.038657,0.027792,0.016272,0.019267,-0.07438,0.05069,-0.04561,0.03913,-0.065579,-0.043285,0.027578,0.010611,0.014592,-0.10989,0.380856,0.138223,0.259494,0.165594,0.07826,0.147425,3.6e-05,0.289563,0.014903,0.327442,0.238167,-0.025364,0.178532,-0.060682,0.122349,0.0255,0.111985,0.791892,0.066613,0.015383,0.130074,-0.003066,0.017619,0.018295,-0.045776,0.025763,0.000899,-0.042744,0.041259,0.039941,0.029863,-0.045319,-0.011875,-0.04344,-0.051379,-0.008053,0.041962,0.004041,-0.044054,0.048828,-0.086546,-0.137452,-0.130079,0.014011,0.094116,0.031618,0.023207,0.027223,0.18487,-0.051258,0.086576,-0.160571,-0.036323,-0.001008,0.144858,0.016746,0.00124,0.032476,0.031557,0.069375,-0.018507,-0.062379,0.059043,0.02387,-0.201364,-0.030628,-0.025514,0.058274,-0.021376,0.049004,0.025589,0.048178,0.009723,0.000868,-0.028963,0.030558,0.071516,0.163641,-0.099617,0.003188,0.064202,-0.031146,-0.067344,0.06891,0.043364,-0.069324,0.049187,-0.046172,0.095814,0.055121,0.004921,0.060151,0.077237,0.071741,-0.009694,0.027288,0.08675,0.12654,0.062401,0.054839,0.157905,0.029955,0.115289,0.038213,0.022675,0.002377,0.165041,0.023833,0.103621,-0.0469,-0.037221,0.001941,0.034246,0.016562,-0.005761,-0.047553,-0.001507,0.01748,-0.01862,0.045272,0.166698,-0.022527,0.052646,0.018741,-0.021386,0.011454,0.030183,0.014251,0.02801,0.053535,-0.037513,-0.05339,-0.045296,-0.044539,-0.057413,-0.038208,0.018355,-0.069407,-0.048845,-0.068793,0.024154,0.006552,-0.033412,-0.005732,-0.028653,0.00778
2021-06-30,0.017048,0.124634,0.0464,-0.067391,0.096909,-0.018063,0.315333,-0.026529,0.046585,-0.113072,-0.031333,0.139394,-0.038145,0.015356,-0.070517,-0.050489,0.255365,0.104553,-0.010682,-0.072571,0.006509,0.121191,-0.092337,-0.087763,0.005979,0.24956,0.052605,-0.006365,-0.043413,0.150928,-0.034832,0.07517,-0.067887,-0.031694,-0.126219,-0.052334,-0.07939,-0.077371,-0.045145,0.16097,-0.065789,-0.022184,-0.039837,-0.063283,-0.030714,0.030691,0.034785,-0.055506,0.037239,-0.078385,-0.054075,0.040654,-0.03641,0.04826,0.235988,-0.052045,0.237689,0.175262,-0.049628,0.209753,-0.031521,0.073306,0.002937,0.0911,0.190243,-0.035727,0.047945,-0.030058,-0.124273,0.184726,0.155044,0.196079,-0.04345,-0.07559,0.098442,0.003739,-0.059695,-0.055915,-0.071593,-0.039572,-0.039373,-0.010153,-0.04877,-0.05475,0.035788,-0.01026,-0.054421,-0.006323,-0.008438,0.078119,-0.012878,0.075909,0.069592,-0.024329,0.017948,0.093149,0.070872,0.094182,-0.031761,-0.034274,0.139794,-0.095406,0.272762,0.071594,0.091764,0.180305,0.041229,-0.010862,0.044716,0.027773,0.006891,-0.024749,-0.091209,-0.044124,-0.089807,0.021512,-0.051734,0.007172,-0.005206,-0.008394,-0.057744,-0.088864,-0.025996,0.01393,-0.071789,-0.014757,-0.098652,-0.128468,0.070764,0.212168,0.007416,-0.095939,0.034326,-0.085705,0.108227,0.122217,0.046779,-0.074891,0.069849,0.178428,0.090304,0.041477,0.026257,-0.030294,-0.023704,0.048558,-0.10687,-0.000428,-0.056584,-0.115278,-0.063825,0.071571,-0.03001,-0.00219,-0.060109,0.001985,-0.044388,-0.009182,-0.102961,-0.014954,-0.104593,-0.050281,-0.077393,0.030343,0.009302,0.006067,0.065508,0.007926,0.035383,0.054065,0.011434,0.036694,0.051532,-0.012902,0.147077,0.06603,-0.051965,0.038207,0.041786,-0.008358,0.071821,0.06733,-0.024638,0.012965,-0.004594,-0.013045,0.002727,0.006951,-0.029965,-0.002432,-0.066602,-0.002691,0.01746,-0.040269,0.017511,0.002394,0.054566,-0.058681,-0.022871,-0.007731
2021-07-30,0.006938,-0.012279,-0.010703,-0.056962,0.092163,-0.082414,0.058816,-0.005477,0.056014,-0.013681,-0.292483,-0.10461,0.001377,-0.047533,0.090355,-0.017615,-0.041026,0.027045,0.10602,-0.195994,-0.121423,0.037166,-0.001712,0.014101,-0.13001,-0.108482,-0.098011,-0.062847,0.045571,0.165551,-0.003182,0.154305,0.032181,-0.035764,0.154124,0.080597,-0.089402,-0.001352,-0.079439,-0.098042,-0.010865,-0.172204,-0.029724,-0.033164,0.017318,-0.013955,-0.091423,0.067639,-0.036454,-0.101313,-0.03917,0.022531,-0.087663,-0.06531,-0.091289,-0.400654,-0.240764,-0.141905,-0.098563,-0.104287,-0.033669,-0.06744,-0.114202,-0.148362,-0.193159,-0.239421,-0.018518,-0.196115,-0.060581,-0.088456,-0.121361,0.476671,-0.010036,-0.086315,0.089375,0.064569,0.02743,-0.045188,-0.000323,-0.050279,-0.051368,0.084208,-0.029908,-0.040209,0.018194,-0.021506,-0.058334,0.024979,0.036237,0.002465,-0.027568,0.072746,0.147791,0.080334,0.01887,0.230839,-0.06894,0.082522,-0.080765,0.003203,-0.053184,-0.037109,0.090531,0.083978,-0.113161,-0.087785,0.039172,-0.012196,0.008637,0.047353,-0.061558,0.091356,0.024485,0.043899,0.07881,0.094068,-0.040838,0.007396,-0.068831,0.035129,0.013269,-0.013525,-0.005686,-0.020338,-0.04502,-0.006643,0.042726,-0.037805,-0.030974,-0.002109,-0.054926,-0.093274,0.021942,0.030938,0.038931,-0.027798,0.002833,-0.011924,0.095585,-0.08298,-0.029723,0.00864,-0.033005,0.041926,-0.00071,-0.013603,-0.079587,0.000428,-0.018852,-0.02131,-0.034518,0.159555,-0.005559,0.011681,0.085465,0.027655,-0.052953,-0.046487,-0.080444,-0.023615,-0.032847,-0.013019,-0.027772,0.056781,0.038313,0.069211,0.072107,0.015095,0.080246,-0.028622,0.053803,0.048822,0.107197,-0.067924,-0.106849,0.102071,0.049541,-0.076235,0.021429,0.089024,-0.040509,0.064604,0.015013,-0.00691,0.081538,0.083082,0.056504,0.003021,0.061198,0.030778,-0.026535,-0.004587,-0.018265,0.029392,0.040565,0.110106,0.035402,0.003749,0.128556,0.049436
2021-08-31,0.15989,-0.137063,-0.028646,0.110852,0.022709,0.007072,-0.022708,0.022999,0.05399,-0.090827,0.148101,-0.042244,-0.121288,-0.022684,0.062238,-0.011569,0.244207,-0.025271,0.054404,0.034171,-0.019691,-0.065248,-0.085953,0.014674,-0.083648,0.178464,-0.111888,0.132939,0.044806,0.051616,0.008881,0.010573,-0.094916,-0.001147,0.027261,-0.017035,-0.020759,0.256885,-0.001718,0.191315,0.013019,-0.020743,0.00057,-0.045517,0.120971,-0.053261,0.045297,-0.056329,0.0364,-0.125026,0.025782,-0.104261,-0.046386,0.119129,-0.040052,0.134133,0.02139,-0.068786,-0.046343,0.126249,-0.091918,-0.015257,-0.061157,-0.072398,-0.032419,0.054173,0.043631,-0.015535,0.015901,-0.027961,-0.052447,0.364646,0.063247,0.044238,0.012346,0.06653,0.073722,0.049242,0.054667,0.024784,-0.000141,0.018561,0.054235,0.011636,0.017913,-0.032467,0.032971,0.002957,0.010124,0.030343,0.04225,-0.018877,0.088315,-0.056893,0.064786,0.15173,0.070544,0.074157,-0.132603,0.00222,0.007642,0.144016,-0.145073,0.023969,-0.190476,0.032242,0.009194,-0.019381,0.092103,-0.064149,0.052173,-0.062706,0.05221,-0.076503,0.062522,0.078905,-0.038928,-0.041098,0.085447,-0.033409,0.043162,-0.071258,0.041296,0.033983,-0.074599,-0.007257,-0.006179,-0.01189,-0.008228,0.005917,-0.023966,0.0944,0.043478,-0.020813,0.006986,0.057923,-0.165961,0.016718,0.130422,0.078267,0.013077,0.15577,0.071173,0.091233,-0.035167,-0.148144,0.057279,-0.025711,0.107056,0.03042,0.003903,-0.0612,0.109822,-0.003785,0.202406,0.040996,0.025127,0.031029,0.147929,0.050577,-0.023866,0.073578,0.074695,0.070423,-0.088309,-0.005064,0.077326,0.018679,0.006665,0.083051,-0.025783,0.022088,0.025488,-0.025089,0.058086,0.087584,-0.024662,0.004961,-0.123833,-0.029204,0.013933,0.062241,0.049186,0.006958,0.005732,0.106133,0.013863,0.021757,0.050102,0.047794,-0.030633,-0.018895,-0.059901,0.025972,0.088231,0.048357,0.049041,-0.013171,0.017435,0.035952
2021-09-30,-0.029736,0.142244,-0.027113,0.028598,-0.029431,0.007317,-0.121799,0.014758,-0.104696,-0.031845,0.077398,-0.035148,-0.001878,0.02205,0.033904,-0.101377,0.098854,-0.007843,0.077151,-0.166585,-0.079219,0.021963,-0.018565,-0.102953,-0.150767,-0.03838,-0.100848,0.140523,-0.01522,0.004621,0.065292,-0.020357,0.070779,0.095785,-0.130357,-0.130679,-0.024195,0.044541,0.022645,0.101884,-0.069478,-0.05802,0.013089,0.001917,-0.061389,-0.083442,0.077407,0.034411,0.0,0.113548,0.127605,-0.043472,0.042345,-0.195496,0.547879,0.247116,0.381152,0.323131,-0.004557,0.134566,0.074219,0.174506,0.110915,0.082927,0.162791,0.156945,0.005598,0.050263,0.048696,0.751271,0.018202,-0.074468,-0.053865,0.017407,0.025955,0.038293,-0.11181,0.004512,0.115417,0.025375,-0.011038,-0.110806,0.017036,0.029901,-0.04323,-0.040475,0.039241,-0.116049,-0.082029,-0.096206,0.012962,-0.061029,-0.073147,0.007541,-0.0456,0.021238,-0.156439,-0.115615,0.009194,-0.024292,-0.026166,-0.053191,-0.066858,0.000418,-0.051399,0.12494,-0.095657,0.170705,-0.022304,-0.052387,-0.060478,-0.144526,0.040508,-0.102912,-0.008745,0.038237,-0.106563,-0.031254,-0.054294,-0.113971,-0.10965,-0.110416,-0.03676,-0.160203,-0.105057,-0.105257,-0.017607,0.021974,-0.110833,-0.067227,-0.033763,-0.059493,-0.039866,-0.080692,-0.078524,-0.110773,0.019475,-0.026353,-0.098497,-0.076292,-0.015776,-0.051883,-0.069902,0.008354,0.01579,-0.09975,0.043389,-0.046195,-0.025173,0.112599,-0.104147,-0.155944,-0.162278,0.048705,0.039304,0.033115,-0.060112,-0.087596,-0.032629,-0.095922,-0.061423,-0.106207,-0.021842,-0.068614,-0.063925,-0.108714,-0.088181,-0.057143,-0.079781,0.007584,-0.092838,-0.065031,-0.068168,0.003104,-0.021663,-0.130873,-0.022678,0.013558,-0.08,-0.032936,-0.022154,-0.00061,-0.069189,-0.072579,-0.018699,-0.03568,-0.048784,-0.063546,-0.076817,-0.107635,-0.058166,-0.117655,-0.073572,-0.090063,0.020047,-0.072552,-0.078031,-0.065233,-0.072699,-0.08741
2021-10-29,0.109481,-0.039557,-0.001639,0.019145,-0.288209,-0.042776,0.065576,-0.013359,0.017566,-0.038974,-0.021343,-0.034643,-0.041392,0.124905,0.067813,0.044325,0.131682,0.079714,-0.025768,0.059587,-0.144546,0.070022,0.098223,-0.001071,0.004606,0.205472,0.075446,-0.041986,-0.0772,0.125244,0.094313,0.125259,0.076887,0.03452,0.120722,0.175108,-0.049375,-0.031637,-0.040141,0.071373,-0.044454,-0.080169,0.07775,-0.036107,0.11222,-0.072211,0.070617,0.235522,-0.002766,0.092648,0.07449,0.00705,0.074583,0.07888,0.030491,0.126446,0.301423,0.100157,0.069413,0.173694,-0.007273,0.114537,0.157686,0.021021,-0.048889,0.15066,0.153235,0.082359,0.005804,-0.046377,0.132434,-0.196078,0.116731,0.00767,0.216938,0.124398,0.111126,0.095099,0.066807,0.058765,0.011912,0.15739,0.12976,-0.003756,-0.045545,-0.150108,0.004681,-0.028572,0.080184,0.037601,0.046315,0.007178,0.065326,0.002495,0.090736,0.005225,-0.049791,0.028169,0.021927,0.036829,-0.089174,0.02809,0.06073,-0.063231,0.080674,-0.026633,0.007611,0.003214,0.06915,0.042803,0.18567,0.08681,0.027082,-0.030285,0.313448,0.176242,0.045228,0.094644,0.114823,-0.017304,-0.002612,0.084531,0.08266,0.201733,0.092786,0.050309,0.059067,-0.098976,0.00622,0.048198,-0.021601,-0.007694,0.065631,0.030835,0.043463,0.346747,0.093771,-0.023375,0.180129,-0.065932,-0.018701,0.118519,-0.183375,0.116893,0.053702,0.028296,0.068027,0.047509,0.00366,0.163774,0.032659,0.217062,0.131138,0.05422,0.030082,0.055283,0.051573,-0.027358,-0.039759,0.047966,0.064446,0.16246,0.077312,0.046744,0.021162,0.076364,0.135397,0.070123,0.184141,0.021983,0.062346,0.118087,0.112127,0.014759,0.082586,0.066977,0.046244,-0.002947,-0.038723,0.070858,0.021814,0.16118,0.04645,0.018536,0.009093,0.172118,0.035437,0.085873,0.049372,0.05768,0.086182,0.062017,0.025826,-0.007679,0.107915,0.062208,0.091795,0.017638,0.03309,0.032517
2021-11-30,-0.129877,-0.137883,0.005049,-0.090971,-0.094523,0.059584,0.38059,0.001264,-0.051788,-0.056563,-0.174468,-0.347762,-0.047759,-0.074361,0.118068,-0.040428,-0.110599,-0.112263,0.065513,-0.097884,-0.175405,0.031624,-0.023625,-0.052706,-0.271485,0.095297,-0.008143,-0.02513,0.026441,0.015918,-0.059074,-0.051574,-0.027126,-0.037713,0.038175,-0.02751,0.007939,-0.002841,-0.051242,-0.291235,0.195122,-0.076493,-0.022052,0.009512,-0.067781,-0.003197,-0.108976,-0.049253,0.0,-0.307164,-0.079078,-0.14,-0.065917,0.147406,-0.161235,-0.142368,-0.155012,-0.060604,-0.149786,-0.091475,-0.082422,-0.040718,-0.066393,-0.213971,-0.175235,-0.185707,-0.158735,-0.19383,-0.140148,-0.180344,-0.269338,-0.162322,-0.072396,0.033958,-0.031585,0.057491,0.013457,-0.122794,-0.051519,-0.053512,-0.01007,0.111978,0.025156,0.013575,-0.044521,-0.155511,-0.017906,-0.135585,-0.031002,-0.032722,0.000895,-0.188545,-0.052197,-0.069286,-0.069608,-0.013769,-0.168497,0.009074,-0.173769,-0.034057,0.144934,-0.238616,-0.13284,-0.065418,0.069638,-0.254111,-0.114197,-0.033827,-0.067345,0.097666,-0.019861,0.001033,-0.015243,-0.108269,0.059301,0.051349,0.008844,-0.029572,0.177033,0.053315,-0.096734,-0.068381,0.008337,0.08184,-0.003625,-0.060785,0.038481,-0.080114,-0.130773,0.155995,-0.038312,0.014339,0.053796,-0.042099,-0.19285,0.039786,-0.085048,-0.036418,-0.096088,-0.03285,-0.007796,0.046674,0.022439,-0.064383,-0.065605,-0.203935,-0.042488,0.010444,-0.025617,-0.17681,0.002499,-0.155952,0.039498,0.017678,-0.101572,0.032073,0.174425,0.010626,0.111931,0.034991,-0.010169,0.020972,0.055768,-0.009533,-0.026024,-0.046121,-0.019814,-0.029864,0.042857,-0.09516,-0.027778,0.037438,0.003988,-0.046828,0.049655,-0.092649,0.011787,-0.008867,-0.067247,-0.046705,-0.076626,0.036818,0.007338,-0.049758,0.010058,0.061331,-0.041553,0.045406,-0.012979,-0.025275,-0.027242,-0.028224,-0.046367,-0.027436,0.060733,0.040849,-0.028306,-0.022293,0.038804,-0.038526
2021-12-31,0.016842,0.017386,0.040984,0.008475,-0.012182,0.017018,-0.113904,0.0099,0.073862,0.150011,0.03866,-0.007374,0.082789,0.021447,-0.102933,0.10867,0.123057,-0.026434,0.149484,0.049747,0.057514,-0.078018,0.094836,0.085244,0.067755,-0.202637,-0.07294,0.077695,0.006408,-0.218266,0.132491,0.008533,0.012199,-0.008861,0.081517,0.016502,0.051105,0.004273,0.11784,0.090046,0.121693,0.220724,0.044727,0.07761,0.10259,0.020218,0.071773,0.220374,0.025791,-0.118034,-0.073301,0.138757,0.092362,0.079137,-0.088446,0.035115,0.016552,-0.059842,0.14161,-0.005271,0.012178,-0.017682,0.008065,0.057998,0.200285,0.076873,0.044658,-0.044005,0.026846,0.0,0.055679,0.011045,0.035241,0.034104,-0.042457,0.03722,-0.033034,0.04159,-0.019402,0.021649,0.038162,0.143702,0.022091,0.031432,0.005021,0.110505,0.050245,0.166095,0.090679,0.084723,0.040707,0.152986,0.003147,0.09105,-0.077555,-0.075602,0.148302,0.036054,-0.190929,0.136523,0.07879,0.145933,0.11684,-0.008909,0.215625,0.034927,0.073363,0.049202,0.084004,0.100396,0.051502,0.026311,-0.007824,0.027287,0.017664,-0.079575,0.047491,0.010127,0.002995,-0.003454,0.052717,0.05256,0.12199,0.086021,0.137878,0.053307,0.062942,0.072679,0.06948,0.092565,0.189737,0.054779,0.090649,0.136752,-0.002844,0.051714,0.004731,0.139648,0.098431,-0.025871,0.147668,0.053189,0.096056,0.092165,-0.003576,0.106768,0.045308,0.061652,0.041074,0.150681,0.16709,0.069779,0.081036,0.028471,0.196371,0.071264,0.085991,-0.004129,0.198929,0.033036,0.070884,0.021625,0.065203,-0.008448,0.142893,0.059636,0.063473,0.117414,0.160845,0.188113,0.090022,0.100314,0.103291,0.04285,-0.083776,0.076252,0.075993,0.082505,0.047176,0.066737,0.035105,0.059509,0.118298,0.121504,0.083063,-0.034566,0.064428,0.050332,0.096373,0.100593,0.126576,0.196638,0.101585,0.045228,0.092216,0.098323,0.148904,0.10335,0.140454,0.133076
2022-01-31,-0.170016,-0.147826,0.001575,-0.044091,-0.308101,-0.01514,-0.241161,0.095377,-0.131025,-0.01737,-0.063276,-0.224571,-0.028554,-0.039146,-0.051724,-0.113847,-0.138408,-0.052318,-0.012949,0.004821,-0.092375,-0.146356,-0.085433,-0.133439,0.030517,-0.282543,-0.021798,-0.127024,-0.029711,-0.199657,-0.06358,-0.163757,-0.09594,-0.154925,-0.164099,-0.029685,0.028263,-0.008156,0.02695,-0.35993,-0.08558,0.013096,-0.020075,0.023772,-0.109907,-0.024053,-0.103904,-0.074182,0.054339,-0.023512,-0.01456,-0.041244,-0.118563,-0.192381,0.079641,0.22128,0.112958,0.212622,0.211808,0.146264,0.128341,0.210264,0.078545,0.152078,0.178698,0.161809,0.270915,0.035357,0.32493,-0.038319,0.21097,0.072492,0.042718,0.011589,0.026662,-0.131931,-0.111239,0.006981,-0.078588,0.01314,0.002473,-0.15793,-0.02787,0.012364,0.032374,0.146663,-0.082584,-0.162399,-0.065299,-0.0371,0.012926,-0.075762,-0.206255,-0.028763,-0.067914,-0.251095,0.045021,-0.206293,0.207957,-0.113659,-0.120457,-0.075157,-0.144802,-0.109952,-0.036418,-0.088424,-0.083888,-0.101036,-0.06925,-0.16925,-0.094794,-0.12567,-0.112095,0.066013,-0.156514,-0.180271,0.009759,-0.095058,-0.101003,-0.03333,0.010171,-0.035936,-0.104533,-0.106544,0.096937,-0.089825,0.002495,0.050672,-0.122195,-0.140864,-0.065834,-0.031479,-0.065179,-0.021101,0.008557,-0.199738,-0.04791,-0.191574,-0.287695,-0.112681,-0.028037,-0.066171,-0.021184,-0.216809,-0.014378,-0.095155,0.015649,-0.075782,-0.013568,0.016798,-0.016376,-0.212678,-0.123813,-0.153108,0.019059,-0.12847,-0.098868,-0.021593,-0.15201,0.045285,-0.02153,-0.110456,-0.107932,-0.030256,-0.070959,-0.080467,-0.108417,0.007518,-0.097892,-0.038712,-0.065217,-0.081873,-0.106341,-0.006968,-0.042824,-0.079085,-0.094648,-0.032897,0.005171,-0.035454,-0.06865,-0.10995,-0.001134,-0.012198,-0.02727,-0.065224,-0.026695,-0.140479,-0.007181,-0.040102,-0.020701,0.003867,0.010733,0.016795,-0.112293,-0.108372,-0.065839,0.046364,-0.135959,-0.058602
2022-02-28,0.098926,-0.010737,0.008542,0.041729,0.227412,-0.161812,0.22692,0.124536,0.1034,-0.123737,0.161589,0.074429,-0.101567,-0.085185,0.518809,-0.00867,0.014726,-0.042452,-0.079481,0.012522,0.280939,-0.016551,-0.059646,-0.108254,-0.194798,-0.013942,-0.042131,0.145364,0.085302,-0.184077,0.029303,-0.120493,-0.035987,-0.059726,-0.033814,0.194073,0.094838,-0.156954,0.006042,0.338571,0.049374,0.038532,-0.062936,0.019266,-0.105886,0.024604,0.100871,-0.061534,0.135128,0.023648,-0.014775,0.059457,0.020479,0.081368,0.192208,0.049242,0.082292,0.107885,0.044458,0.043228,0.006736,0.102334,0.101821,0.123561,0.448796,-0.109575,0.047818,0.11018,0.043693,0.066838,0.272119,0.605556,0.028092,-0.002728,-0.032179,-0.035437,-0.053625,-0.155008,-0.051566,0.016519,0.041648,0.047124,0.006588,0.003593,0.004657,0.046776,0.066821,0.10936,-0.02886,0.058238,0.003629,0.053799,0.043736,0.147145,0.067298,-0.008269,0.049686,0.057349,0.005052,0.020805,0.881936,0.022573,-0.041942,0.172768,0.129835,0.193588,0.069634,0.109533,0.054562,0.033075,-0.047826,-0.028363,0.085201,-0.068976,0.010377,0.14217,-0.021205,0.057629,0.032863,-0.028681,0.026859,-0.014231,0.051063,-0.102591,-0.00046,0.015617,0.026024,0.025575,-0.003642,0.069307,-0.003645,-0.066782,-0.052644,0.042369,-0.083232,-0.069496,-0.018393,0.050955,-0.563679,-0.121951,-0.028734,-0.022085,-0.067447,-0.010645,0.068999,-0.231129,0.121232,0.098917,-0.060076,0.312391,-0.003868,0.304551,-0.061845,-0.026088,0.20229,-0.058527,0.009913,0.04469,0.086545,-0.064761,0.337299,0.052642,-0.036081,0.088313,-0.174918,-0.015318,-0.049862,-0.009464,-0.041547,-0.003281,-0.039883,-0.052649,-0.085351,0.055352,-0.066468,-0.047834,0.08648,0.050288,0.009723,0.001815,0.138378,0.099173,-0.009757,-0.15237,-0.050304,0.002251,0.049807,0.046801,-0.033688,0.042505,0.084805,0.075527,0.018052,0.040606,-0.01757,-0.083617,-0.023934,0.014253,-0.0793,-0.06491
2022-03-31,0.042055,-0.024666,0.074676,0.036763,-0.098898,0.114242,-0.18835,0.018536,0.018439,0.098675,-0.014823,-0.093964,0.098873,0.12996,-0.123633,0.054065,-0.044855,-0.037972,0.106341,-0.078364,-0.102962,-0.117534,-0.088779,-0.117772,-0.032303,-0.197624,-0.087241,-0.079254,0.060747,-0.087543,-0.016197,-0.152897,-0.03634,0.006339,-0.196287,-0.110889,0.030659,0.064461,-0.040034,-0.136328,0.122893,-0.098149,-0.010609,-0.008895,-0.022701,0.084571,-0.00761,-0.046122,0.247346,0.077812,-0.011588,-0.108991,-0.071398,-0.019629,0.323747,0.466306,0.096874,0.069184,0.146151,0.058165,0.10539,0.164984,0.268054,0.035519,0.075803,0.46866,0.120016,0.231573,0.467927,0.572289,0.180789,0.414648,-0.009714,-0.096811,-0.142829,0.069098,0.018719,0.053353,-0.116492,-0.061308,0.001177,0.087726,-0.0852,-0.060352,-0.070028,0.058988,-0.092419,-0.108093,0.089951,0.074168,-0.091876,0.049204,-0.100214,0.009377,0.006423,-0.043772,0.109646,-0.086258,0.255632,0.059086,0.156629,-0.07947,-0.093231,0.022913,-0.046832,0.095477,-0.039347,-0.059519,-0.1107,0.017906,0.038,-0.025444,0.006215,0.189025,-0.151133,0.038861,-0.09357,0.088611,0.094188,-0.08869,0.215296,-0.07413,0.057115,-0.068387,0.108058,-0.04601,0.156616,0.03331,-0.092704,0.181111,-0.019512,-0.009624,0.038034,-0.02918,0.02468,-0.022835,0.000619,0.004173,0.427726,-0.073922,-0.023944,0.136462,0.054681,0.041426,0.051089,0.105098,0.118665,-0.109032,0.027604,0.271127,-0.047238,0.440519,-0.060124,0.02216,0.180217,-0.011855,0.026212,0.065395,-0.136623,0.107849,-0.064926,-0.079315,0.066428,-0.02237,0.118423,0.037926,0.088033,0.027469,0.068031,0.052889,0.054682,0.080252,0.06442,0.047135,0.022223,0.010908,0.042533,0.038303,0.108711,0.042972,0.104016,0.050999,0.086019,-0.047831,0.109764,0.093114,0.103608,0.148774,0.094986,0.100443,0.060192,0.061981,0.080074,0.010739,0.010346,0.057747,0.039731,0.011651,0.041278,0.107887
2022-04-29,-0.162439,-0.272117,-0.093656,-0.096175,-0.209225,-0.107365,-0.14917,-0.159486,-0.114335,-0.029661,-0.082176,-0.269493,-0.047966,-0.100322,-0.230334,-0.034284,-0.063536,-0.087001,0.168234,-0.116127,-0.047956,-0.110904,-0.102742,0.135749,-0.108486,-0.250161,-0.05217,-0.084949,0.001152,-0.130497,0.038611,-0.015802,0.010502,-0.023475,0.041903,0.094552,0.014238,0.129482,0.049734,-0.05763,-0.068168,0.103322,-0.023408,0.068264,-0.058072,0.007354,0.122699,-0.071777,-0.024743,-0.090511,0.013334,0.040429,-0.003867,-0.097887,-0.014483,0.192449,-0.087579,-0.07852,-0.075472,-0.017336,-0.056338,-0.057193,-0.008205,-0.252639,0.062016,-0.018403,-0.120021,0.140433,-0.081877,0.304981,0.07597,-0.077048,-0.149208,-0.074481,-0.051367,-0.070621,-0.109117,-0.053063,-0.081019,-0.057654,-0.044978,-0.02776,-0.117296,-0.079878,-0.031217,-0.068422,-0.083511,-0.225132,0.037513,-0.078335,-0.09324,-0.102467,-0.090851,-0.069847,-0.102857,-0.164017,-0.007559,-0.10591,-0.075919,-0.029928,0.200687,-0.074341,-0.128297,-0.067799,-0.238646,-0.198513,-0.067022,-0.038852,0.03249,-0.137615,-0.088168,-0.151994,-0.11887,-0.088858,-0.155278,-0.155572,-0.08157,-0.070697,-0.10865,-0.059483,-0.127577,-0.050412,-0.07955,-0.08137,-0.096828,-0.090505,-0.16168,-0.062403,-0.083159,-0.218877,-0.108209,-0.103703,-0.093267,0.075634,-0.064516,-0.101798,-0.08259,-0.00819,-0.106605,-0.050341,-0.106027,-0.043045,-0.080633,-0.095509,-0.093214,-0.093014,0.025527,-0.058447,0.000709,-0.061353,-0.083794,-0.208631,-0.039264,0.007743,-0.081919,-0.098756,-0.006881,-0.01039,0.038635,-0.040234,-0.037422,0.025833,0.06666,0.087825,-0.160104,0.026959,-0.086873,-0.007477,0.046253,0.007653,-0.012957,-0.063156,-0.09468,-0.145852,-0.197571,-0.051383,0.050584,-0.011762,-0.215581,-0.101921,-0.03513,0.031013,-0.04213,-0.053009,-0.088245,-0.163791,0.125431,-0.050471,-0.141795,-0.049078,-0.058875,-0.043857,0.013796,-0.06282,-0.07264,-0.116378,-0.091391,-0.10144,-0.125,-0.024063
2022-05-31,-0.099948,-0.004674,0.070447,0.010795,-0.504216,0.241943,-0.116599,0.112234,0.039205,-0.032205,0.070618,0.13886,0.067061,-0.022302,-0.225214,0.040676,0.166667,-0.136034,0.067769,-0.062145,-0.164602,0.157263,0.101767,0.002836,-0.111917,-0.12952,-0.115546,-0.002513,0.351745,-0.16062,-0.089018,-0.053688,0.058944,-0.007672,0.033434,0.03332,0.0314,0.175309,-0.058402,0.290192,-0.09094,0.026206,0.11256,0.014613,0.094122,-0.010321,-0.02377,-0.097027,-0.111669,-0.229031,0.125907,-0.214461,0.031742,-0.125771,0.133934,0.142464,0.35857,0.248704,0.103144,0.188038,0.170578,0.11987,0.056934,0.122683,0.160584,0.391533,0.052122,0.204959,0.27505,0.133295,0.100012,0.042844,0.086779,0.058082,0.031817,-0.051577,0.064194,-0.023141,0.074241,0.108902,0.011847,-0.007563,0.051956,0.060935,-0.021145,0.024302,0.057911,0.071417,0.057523,-0.033628,0.079386,0.005738,0.050248,0.05598,-0.106741,0.045981,-0.006529,0.087645,0.004172,-0.013507,0.031772,-0.059585,0.052821,-0.009998,-0.124187,0.24847,0.061328,-0.151175,0.021222,0.069968,0.014726,0.201193,0.15315,-0.036992,-0.040639,-0.029137,0.009359,0.051819,0.096573,0.029452,0.045735,0.065202,-0.010062,0.028923,0.035736,0.060429,0.044105,-0.112705,-0.017841,0.007627,0.009066,0.148461,0.077408,0.109712,-0.041839,0.105626,-0.035432,0.045107,0.277482,-0.353179,0.075726,-0.041092,0.000164,-0.0446,0.040009,0.080159,0.046346,0.036387,0.015126,0.003685,0.072952,-0.090624,0.058709,0.03856,0.003825,0.009984,-0.035684,-0.047906,0.073589,-0.009068,0.154256,-0.000813,0.022677,0.021101,0.143122,0.027811,-0.062723,-0.039402,-0.181574,-0.044823,0.010493,-0.083621,-0.104386,-0.08385,-0.052176,-0.046666,-0.045834,-0.06009,0.230766,-0.037605,-0.018985,-0.137564,0.067735,0.246064,0.043953,0.159405,0.064134,0.08238,0.040566,0.054892,0.063948,0.038957,0.076289,0.08079,0.135687,0.012285,0.067109,0.081535,0.039833,0.024185
2022-06-30,-0.19107,-0.115385,-0.042188,-0.078482,-0.069454,-0.108659,-0.195197,-0.070426,0.012126,-0.098859,-0.11543,-0.191993,-0.056985,-0.022403,-0.151264,-0.098187,-0.313527,-0.02371,-0.06523,-0.137973,-0.274135,-0.088546,-0.102082,-0.122791,-0.252946,-0.09751,-0.113539,-0.053846,0.00988,-0.127152,-0.176107,-0.165429,-0.100064,-0.128056,-0.150158,-0.111067,-0.016992,-0.062725,0.041046,-0.027277,-0.065338,0.057413,-0.062136,0.002922,0.152517,-0.089024,0.088441,-0.002661,0.035198,-0.279005,-0.013903,0.063542,-0.061089,0.12976,-0.270987,-0.125904,-0.291692,-0.234975,-0.152507,-0.239768,-0.175473,-0.288307,-0.242173,-0.160377,-0.172269,-0.027011,-0.231782,-0.113855,-0.171316,-0.374093,-0.144787,-0.096569,-0.056025,-0.069811,-0.07587,0.007308,-0.127376,-0.050079,-0.132358,-0.05102,-0.047342,0.044388,-0.122897,-0.172476,-0.151611,-0.086446,-0.02045,-0.091132,-0.037401,0.096343,-0.095008,-0.157057,-0.079566,-0.103923,0.020892,-0.012586,0.013691,0.004482,-0.019016,-0.030987,-0.03634,-0.123967,-0.158305,-0.11598,-0.127554,0.030351,-0.114314,-0.094968,0.053386,-0.177518,-0.119872,0.049871,-0.111972,-0.084692,-0.048535,0.011707,-0.115918,0.057872,-0.000752,-0.077544,-0.229689,-0.131325,-0.066285,-0.090485,-0.099067,-0.050357,-0.123061,-0.17012,-0.155973,-0.143825,-0.085695,-0.06877,-0.056746,-0.110239,0.007198,-0.059936,-0.095229,-0.074292,-0.129209,-0.033726,-0.110375,-0.034741,0.030979,-0.013744,0.075555,-0.04224,-0.258042,-0.163927,-0.080207,-0.24432,-0.178712,-0.336928,-0.156184,-0.078683,-0.08953,0.042675,-0.100634,-0.024457,-0.241095,-0.056152,-0.156328,-0.180987,-0.037096,-0.075678,0.010036,0.040112,-0.031035,-0.171042,-0.093431,-0.148505,-0.029345,-0.101172,-0.069093,-0.182208,-0.258724,-0.048973,-0.086185,-0.175095,-0.004985,-0.15398,-0.07882,-0.112304,-0.066344,-0.088537,-0.028435,-0.005991,-0.064963,-0.066818,-0.009066,-0.050744,-0.022209,-0.066996,-0.041744,-0.027509,0.02661,0.028517,-0.025904,0.001612,0.035029,-0.019403
2022-07-29,0.148642,0.051944,0.089723,0.018411,-0.247525,-0.001834,0.074242,0.156496,0.190362,0.001267,0.220372,-0.13964,0.011395,0.152917,0.130293,0.101345,0.217311,0.098752,0.221111,0.114075,0.259646,0.100133,0.200572,0.035378,0.188473,0.416746,0.097535,0.09539,0.13137,0.471954,0.056147,0.279701,0.013315,0.087503,0.217931,0.038961,0.096129,0.004483,-0.000876,0.363163,0.091627,0.11475,0.031987,0.034992,0.092894,-0.073293,-0.110054,0.142485,0.049334,0.029871,0.10707,0.027955,0.021688,-0.086142,0.336162,0.149207,0.20737,0.24018,0.100533,0.149594,0.020557,0.163962,0.04921,-0.005618,0.050127,0.001194,0.032779,0.040496,0.044571,0.318708,0.075244,-0.01594,0.040698,0.177146,0.071329,0.1173,0.083876,0.075194,0.08187,0.08525,0.058492,0.059093,0.164726,0.122958,-0.004815,0.068462,0.063555,0.057693,-0.056694,-0.10444,0.077851,0.045422,0.137899,0.027235,0.13701,0.313793,0.014587,0.092256,-0.052452,0.024926,0.161896,0.113208,0.190394,0.059149,0.042583,0.066125,-0.010897,0.077742,0.02568,0.316754,0.185068,0.119039,0.102167,0.181977,0.26516,0.122446,0.04821,0.062196,0.10877,0.134582,0.103546,0.232422,0.106486,0.162472,0.042735,0.060048,0.064677,0.106866,0.103372,0.176361,0.11867,0.015381,-0.081849,0.116371,0.083373,0.051776,0.123235,0.196815,0.184782,-0.160744,0.178109,-0.030284,-0.108267,0.271543,0.044742,0.181469,-0.006937,0.110112,0.032695,0.11497,0.06862,0.152245,0.150173,0.072367,0.043123,0.0464,0.111352,0.113079,0.214081,0.076179,0.164132,0.076597,-0.025036,0.085366,0.119848,0.106769,0.073736,0.160742,0.135788,0.16454,0.12028,0.094145,0.065638,0.062959,0.218139,0.122382,0.009898,0.164348,0.101646,0.066938,0.152604,0.070912,0.076823,0.117845,0.054758,0.077497,-0.001378,0.104531,0.06228,0.060877,0.037278,0.046188,0.011699,-0.059053,0.046775,0.069439,0.05851,-0.028729,0.081548,0.045612
2022-08-31,-0.045696,-0.228891,-0.085329,0.042203,0.101215,-0.063644,0.393333,0.02034,-0.007158,0.029095,-0.23186,-0.014398,-0.023899,-0.011926,-0.230136,-0.118537,0.025719,-0.056295,0.021547,-0.045526,-0.116757,-0.111513,-0.077637,-0.141034,-0.049896,0.018222,-0.01709,-0.060582,0.126126,0.028755,-0.058637,0.009805,-0.032955,-0.052503,-0.112684,-0.046552,-0.13523,-0.092445,0.014582,0.163332,0.045586,0.001369,-0.042977,0.020871,0.137191,-0.040412,-0.036695,-0.059303,0.048914,-0.185442,0.023625,0.273229,-0.078911,0.025956,-0.00635,0.024288,0.067587,0.033259,-0.050511,-0.006393,-0.107581,0.116985,0.023162,-0.166667,-0.097256,0.069261,-0.037087,0.066943,0.005901,0.230383,-0.071137,0.174845,-0.008979,-0.033376,-0.071665,0.010556,0.007832,-0.011098,0.008895,-0.043326,-0.010361,0.043142,0.015235,-0.005988,-0.036801,-0.071957,0.011779,-0.079557,0.000322,0.023599,0.010723,0.008519,-0.13887,-0.068756,0.030952,0.028168,0.132055,-0.182358,0.135981,-0.009407,0.027112,-0.387006,-0.023335,0.030445,0.118448,0.079724,-0.097582,-0.102557,-0.161333,0.145183,-0.101261,-0.035008,-0.016681,-0.099586,-0.130418,-0.112523,-0.069659,0.001628,0.086855,-0.035586,0.00021,-0.03214,0.015972,-0.107792,0.057062,-0.070614,-0.036309,-0.01737,-0.137311,0.020174,-0.048649,-0.182929,-0.176603,-0.083142,-0.059367,-0.15019,-0.004224,-0.002342,0.221188,-0.088169,-0.102621,0.241825,-0.032091,-0.133009,-0.059874,-0.185274,0.016601,-0.051145,-0.075901,0.025661,-0.051392,-0.024845,-0.054013,-0.073389,0.045323,-0.029022,0.054759,0.000541,-0.144654,0.027158,-0.026027,0.015759,0.016164,0.000899,0.0431,-0.050775,0.003924,-0.073339,-0.048922,-0.07138,-0.056921,-0.024447,-0.056797,-0.120826,-0.085788,-0.06136,-0.059073,-0.026646,-0.009244,-0.12966,-0.186811,-0.123874,-0.013145,-0.084801,-0.015573,-0.002128,-0.09735,0.08153,0.006428,-0.014845,-0.044382,-0.071498,-0.071106,-0.044545,0.080586,-0.043837,-0.078976,-0.029056,-0.021812,-0.048599
2022-09-30,-0.057068,-0.155316,-0.062397,-0.147314,-0.097426,-0.269076,-0.047049,-0.127901,-0.000451,-0.135765,-0.139915,-0.12749,-0.089542,0.005852,-0.242246,-0.18401,0.025074,-0.113872,-0.05259,0.04027,0.019176,-0.253505,-0.136685,-0.173704,-0.10175,-0.051889,-0.023845,-0.065655,-0.048453,-0.068385,-0.056633,-0.136431,-0.12642,-0.040235,-0.103127,-0.143761,-0.06434,-0.191429,-0.050901,-0.12378,-0.039792,-0.027034,-0.075227,-0.064708,-0.013375,-0.089774,-0.131074,-0.032793,0.036933,0.150701,-0.305085,-0.10426,-0.097194,-0.158455,-0.229325,0.029274,-0.146585,-0.179195,-0.081766,-0.170088,-0.131259,-0.097511,-0.121109,-0.100565,-0.216108,-0.112676,-0.038047,-0.039292,-0.020758,-0.117857,-0.135204,0.006489,-0.041667,-0.013182,-0.033218,-0.076684,-0.121781,-0.026035,-0.143118,-0.052237,-0.03421,0.007256,-0.000113,-0.061731,-0.154881,-0.17705,-0.030584,-0.104992,-0.067238,0.024931,-0.023933,0.00642,-0.139988,-0.104073,-0.102047,-0.147057,0.040216,-0.0525,0.016495,-0.083223,-0.107487,-0.069124,0.012942,-0.045923,-0.00426,-0.013328,-0.013319,-0.05283,-0.014828,-0.083493,-0.039407,-0.032247,-0.012428,-0.196003,-0.081371,-0.053605,-0.118731,-0.035005,-0.147966,0.042807,-0.115353,-0.062708,-0.065345,-0.139415,-0.093797,-0.080599,-0.113846,-0.10124,-0.115505,-0.014347,-0.073153,-0.194178,-0.144467,-0.171418,-0.031323,-0.01508,0.032945,-0.065827,-0.150785,-0.1213,-0.102882,-0.082357,-0.023024,-0.134939,-0.028989,-0.114964,-0.119132,-0.128549,0.054887,-0.10284,-0.212112,-0.220035,-0.10204,-0.12966,-0.126267,-0.077682,-0.073109,-0.09981,-0.056058,-0.077058,-0.112269,-0.304428,-0.066726,-0.110709,-0.146347,-0.099715,-0.120494,-0.14013,-0.159126,-0.10378,-0.11225,-0.110102,-0.073047,-0.116705,-0.170324,-0.129361,-0.149236,-0.110538,-0.12358,-0.130354,-0.169339,-0.125218,-0.100641,-0.173818,-0.093647,-0.141509,-0.104046,-0.077878,-0.151258,-0.102676,-0.115425,-0.100677,-0.099304,-0.058903,-0.185597,-0.060504,-0.082498,-0.088112,-0.099778,-0.147884
2022-10-31,0.010322,-0.095288,0.057793,0.199709,0.009165,0.010989,-0.108954,0.026671,0.16137,0.223022,-0.123865,0.109589,0.197465,0.133091,0.027523,0.133506,0.092086,0.130111,0.144047,0.013803,0.336669,-0.045592,0.158911,0.039039,0.397054,-0.062119,0.214249,0.129025,-0.032675,0.03044,0.237653,0.044264,0.116525,0.025349,0.08382,0.001056,0.050844,0.001303,0.124731,0.004411,0.063063,0.114242,0.116269,0.13159,0.14992,0.110783,0.264411,0.071826,0.031542,0.176882,0.23041,0.199627,0.145116,0.061709,0.127474,0.258532,0.200003,0.35834,0.384426,0.296315,0.169784,0.3793,0.082421,0.757538,0.511131,0.347826,0.345823,0.092852,0.562212,0.086176,0.339193,-0.037067,0.108935,0.187614,0.184929,0.063433,0.110058,0.172134,0.021752,0.073335,0.070738,0.233928,0.24004,0.099073,0.306233,0.293052,0.173359,0.096858,0.270463,0.204914,0.09521,0.124727,-0.156854,0.0409,0.128204,-0.024691,-0.000678,0.165473,0.159893,0.069429,0.05204,0.089109,-0.060442,0.216953,-0.020171,0.147508,0.001607,-0.014542,0.093317,-0.068264,0.166632,0.192322,0.066499,0.180248,0.046632,0.099199,0.251956,0.178668,0.237098,0.223268,0.291151,0.207486,0.103424,0.13418,0.14777,0.228404,0.229712,0.135632,0.083994,0.186467,0.157088,0.243012,-0.193214,0.11268,0.04971,-0.069021,0.197193,0.123801,-0.033656,0.157747,-0.024419,0.022742,0.148002,0.222654,0.230213,0.161007,0.112454,0.05716,0.011668,0.112146,0.08107,-0.035635,0.141164,0.030574,0.305907,0.14986,0.071375,0.094307,0.106661,0.126546,0.150102,0.138284,0.10477,0.163121,0.031474,0.020214,0.045182,0.168953,0.063077,0.208316,0.068544,0.062932,0.115597,0.018567,0.401764,0.106427,0.124458,0.154553,0.041158,0.031397,0.084132,0.001793,0.01638,0.092793,0.057469,0.090738,0.047598,0.049304,0.034055,-0.034844,0.153488,0.100725,0.120007,0.072037,0.095904,0.160488,0.07791,0.107422,0.177833,0.037483
2022-11-30,0.265538,0.170371,0.078573,0.03978,0.040363,-0.256793,-0.020661,0.112898,0.030468,-0.38,0.282753,0.524005,-0.317934,0.045571,-0.101648,0.123726,-0.017128,0.192144,-0.058372,0.309233,0.001797,0.100778,0.039867,0.069446,0.290151,0.406559,0.212909,0.067577,0.062211,0.427562,-0.034374,0.017173,0.090978,0.175284,0.134585,-0.038502,0.092802,0.134924,0.044361,0.222442,0.163729,0.010761,0.099304,0.014364,0.270458,0.11052,0.060606,0.178165,0.031322,0.136896,0.086672,0.148991,-0.005331,0.172876,0.013694,-0.097259,-0.041574,2.9e-05,0.002678,0.019592,0.180509,-0.021654,0.033314,0.085776,0.021676,-0.020304,0.053784,0.050933,-0.103245,-0.016217,0.041385,0.336402,0.055579,-0.01566,0.101097,0.086275,0.292125,0.033896,0.025459,0.055889,0.057594,-0.021669,-0.044793,0.066554,0.047608,0.030462,0.010824,0.101011,0.058276,-0.016754,0.073755,0.102836,0.179125,0.182004,0.156717,-0.020001,-0.077149,0.090909,-0.185214,0.114668,-0.160968,0.163636,0.033996,0.046968,-0.028072,0.004238,0.192363,0.072906,0.12812,-0.159604,0.025712,0.0161,0.169369,0.093445,0.224932,0.095827,0.050728,-0.018438,-0.228804,0.052736,0.070868,0.070356,0.129118,0.108799,0.000573,0.053927,0.076783,0.067027,0.152997,0.272546,-0.249669,0.006016,0.141514,0.123912,0.083218,0.265576,-0.089974,0.120122,0.053086,-0.0258,0.113081,-0.134961,0.083922,0.115629,0.016338,0.087748,0.117553,0.142039,0.038378,-0.042751,0.127718,0.191686,0.114709,0.051896,-0.006989,0.007153,-0.058649,-0.003059,0.130748,0.120409,0.006962,0.003479,0.069478,0.000871,0.059957,0.021778,-0.011464,0.087752,0.000181,0.029352,0.103022,0.061306,0.045852,0.097751,0.157225,0.078531,0.064688,0.160896,-0.031588,0.11027,0.085388,0.081145,0.104559,0.093971,0.063709,0.030846,-0.054266,0.000984,0.095461,0.106019,0.114471,0.130843,0.061453,0.105622,-0.10883,0.087924,-0.037385,0.017688,0.050718,0.063759
2022-12-30,-0.114325,-0.179391,-0.100154,0.125829,-0.131911,-0.045704,-0.140199,-0.076651,-0.032015,0.012498,-0.363703,-0.046805,-0.019285,-0.010743,0.071101,-0.147573,-0.16756,-0.14264,-0.055002,-0.014224,-0.046039,-0.122116,-0.135247,0.008783,-0.224209,-0.093194,-0.175881,-0.044367,-0.158967,0.073564,-0.023085,-0.066997,-0.056402,-0.067142,0.067006,-0.021393,-0.058652,-0.09289,0.018957,-0.065565,-0.057093,0.028309,0.00688,0.057388,0.006186,-0.144426,-0.143372,0.018236,-0.065717,-0.212623,-0.097031,-0.043525,-0.087698,0.087675,-0.130772,0.025396,-0.192067,-0.137432,-0.067609,-0.100844,0.030999,-0.088771,-0.030512,0.151415,-0.061839,-0.149525,-0.075933,-0.12847,0.212171,-0.252861,-0.029562,-0.172824,-0.004913,-0.059132,-0.108976,-0.130243,-0.012405,-0.048379,-0.131018,-0.030603,-0.088206,-0.151487,-0.008786,-0.098112,-0.153709,-0.032458,-0.141627,0.040945,0.009226,-0.078131,-0.131961,0.005143,0.013937,-0.012976,-0.016635,-0.053288,-0.074038,0.013945,-0.028986,-0.018404,-0.179124,-0.222656,-0.047547,-0.019167,0.021823,-0.078068,-0.078848,-0.01099,0.018549,-0.157208,-0.120452,-0.018685,-0.106108,-0.015087,-0.139209,-0.060806,-0.042142,-0.017669,0.026991,0.02299,0.044982,-0.069887,-0.000824,-0.057623,-0.077948,0.022552,-0.052452,-0.094857,-0.086751,-0.066701,-0.072374,-0.013753,-0.036411,-0.073409,-0.050085,-0.067175,-0.076343,-0.06614,-0.110804,-0.054625,-0.003079,-0.089929,-0.047879,-0.1387,0.007447,-0.047574,-0.047469,-0.070041,-0.008935,-0.144834,-0.051294,0.040698,-0.023849,-0.023959,-0.059207,-0.127662,0.086271,-0.010755,-0.0721,-0.020038,-0.092094,-0.01754,-0.038795,-0.027403,-0.047534,0.017476,-0.015824,-0.022002,-0.005879,-0.103703,-0.012942,-0.039356,-0.014503,-0.177145,-0.113386,0.023412,-0.073933,-0.076754,-0.03718,-0.041319,-0.086771,-0.06167,-0.022491,-0.031963,-0.024247,-0.100734,-0.096114,-0.04368,0.004702,-0.018009,0.005117,-0.129155,-0.060889,0.02698,-0.015428,-0.055516,-0.008523,0.074128,-0.066071,-0.022358
2023-01-31,0.076305,0.304411,-0.008562,-0.008127,0.29162,0.005747,0.130939,0.169914,0.164202,0.274546,0.378752,0.140699,0.173141,0.076016,0.259814,0.143285,0.130435,0.131226,-0.026865,0.256699,0.236603,0.157004,0.175455,0.174526,0.219227,0.148606,0.148428,0.173438,0.067653,0.123029,0.086945,0.303605,0.086765,0.10065,0.168004,0.146861,0.020575,0.023178,-0.030332,-0.035755,-0.012975,0.117838,0.04973,-0.07887,0.040687,0.222606,0.148738,0.224824,0.077375,0.200114,-0.050075,-0.027319,0.119893,0.163551,0.0,0.029671,-0.051986,0.155835,0.169938,0.006823,0.103564,0.01395,-0.006532,0.220698,-0.002375,0.059349,0.076602,-0.008889,0.177748,-0.113786,-0.022796,0.055639,0.092753,-0.026696,0.136645,0.054161,0.090324,0.14053,0.265447,0.043754,-0.022183,0.064699,-0.031699,0.050398,0.295106,0.130278,-0.077499,0.304636,0.008989,0.072114,0.149311,0.016561,0.111703,0.078628,-0.024016,0.094442,0.0556,0.025896,-0.012816,-0.010364,0.128336,0.105528,0.117897,0.010337,0.195352,0.075652,-0.038709,0.227013,0.050479,0.230206,0.138337,0.142574,0.129712,0.121904,0.300935,0.071148,0.14276,-0.094527,0.01891,-0.014841,-0.004038,0.165275,0.029734,0.188647,0.099922,-0.054095,0.076265,0.195622,0.198808,0.129816,0.075167,0.422264,0.265857,0.103415,0.03798,0.156556,0.065952,-0.067424,0.014981,0.135514,0.213614,0.027889,-0.009707,0.188415,-0.061198,0.13465,0.197094,0.125893,0.107358,0.129246,0.082638,0.325264,0.099586,0.037987,0.093534,0.069773,0.031311,0.006589,0.150168,0.039545,0.12702,0.200237,0.016182,0.082697,0.115178,0.055575,0.13764,0.049978,0.161603,0.135852,0.046822,0.10547,0.105625,0.192061,0.220249,0.085642,0.104066,0.042371,0.086082,0.098118,0.133497,0.116845,0.00493,0.074454,-0.018915,0.060245,0.08161,0.07019,-0.028979,0.029002,0.006046,0.087692,0.048795,-0.042804,0.092659,0.017504,0.066847,-0.100135,0.00874,0.038495
2023-02-28,0.105052,-0.234664,-0.238183,0.051144,-0.121972,-0.352381,0.103748,-0.086017,0.025568,-0.05086,0.139867,-0.078642,-0.013491,-0.03489,-0.033994,-0.028602,-0.022792,-0.117345,-0.060998,0.045639,-0.036999,-0.020014,-0.04205,-0.143345,-0.041268,-0.117532,-0.016064,-0.009351,-0.055926,-0.000493,-0.006322,0.011458,-0.032531,-0.109972,0.0143,-0.120723,0.011601,-0.036656,-0.020973,-0.094896,-0.051956,0.010349,-0.033074,0.011362,0.298871,-0.055802,-0.148574,0.018525,-0.00734,-0.018159,0.05543,0.000365,-0.034335,0.134538,0.076739,0.045634,-0.102221,-0.18471,-0.104746,-0.069882,0.134435,-0.099197,-0.082487,-0.021546,-0.184524,-0.044277,-0.148825,-0.059417,0.125346,0.009427,-0.121984,-0.021154,-0.000757,0.017751,-0.034016,-0.017763,-0.077113,0.191187,-0.010281,-0.031242,-0.00616,0.145098,0.047075,-0.025253,0.021003,0.042385,0.039263,-0.059633,0.043283,0.071924,0.007883,-0.227285,0.022205,-0.091004,-0.038146,-0.058985,-0.099574,-0.016405,0.070994,0.033314,0.286261,-0.063636,0.120428,-0.010792,0.087231,-0.080733,0.139341,-0.116907,-0.08379,-0.118892,0.029562,-0.060925,0.043632,0.007844,-0.007002,-0.118409,-0.111067,0.005857,-0.117018,-0.009684,0.021176,0.041369,-0.010427,-0.030576,0.024724,-0.011629,-0.046833,-0.068368,-0.071507,0.092908,-0.031858,0.04346,0.069652,-0.019228,-0.121825,0.137786,0.175643,-0.001042,-0.075154,0.192901,0.136741,0.024185,-0.053833,-0.028241,0.027558,-0.029581,-0.026531,0.006857,-0.002932,0.073678,-0.033685,-0.000937,-0.039431,0.001267,0.036771,-0.004823,0.238891,-0.025729,-0.140696,-0.009092,0.060801,0.076753,-0.065478,-0.012038,-0.050676,-0.048409,0.026206,-0.037825,-0.047424,-0.001291,-0.042872,-0.011246,-0.051637,-0.189012,-0.118991,0.010989,-0.077219,0.000921,-0.096822,-0.106856,-0.032103,-0.039299,-0.091557,-0.065278,-0.015663,-0.059257,-0.049743,-0.086764,0.004624,-0.143214,0.022235,-0.018736,-0.025201,0.017253,0.11268,-0.047622,0.015942,0.042606,-0.060425,-0.0263
2023-03-31,0.00987,-0.073153,-0.095672,0.01941,0.104433,-0.220588,0.088456,-0.071221,0.011336,-0.157106,0.086701,-0.168014,-0.140903,0.006573,0.095601,-0.128568,0.081633,-0.011775,0.011604,0.032666,0.0,-0.068946,0.004373,-0.025571,-0.228286,-0.083024,0.028571,0.045854,-0.034367,0.038863,-0.114516,0.069818,-0.018214,0.010296,0.071709,0.023346,-0.020821,-0.008978,0.031585,0.023568,0.156487,0.038553,0.030657,0.046839,0.101672,0.025244,0.046083,0.186845,0.072007,0.06449,0.130118,0.061521,0.013827,0.067257,-0.014334,-0.008007,-0.045747,-0.114148,-0.151671,0.001374,-0.117434,-0.052281,0.043648,-0.156056,-0.140969,0.048951,-0.10272,-0.079952,-0.097461,-0.111203,-0.150428,-0.062271,-0.044142,-0.183927,-0.080698,0.001303,-0.10658,-0.102636,-0.521282,-0.155416,-0.114292,-0.058205,-0.193638,-0.193304,-0.139476,-0.046263,-0.113339,0.145966,-0.036255,-0.061066,-0.257006,-0.02914,0.002469,0.041246,0.154147,-0.034467,-0.004457,0.143935,-0.099125,0.031002,0.116279,-0.325243,0.061268,0.047747,-0.090382,0.064035,0.033609,-0.033286,0.039502,-0.050941,-0.057899,0.001988,-0.088551,-0.013628,0.004467,0.073198,-0.067384,-0.021535,0.112101,0.006519,-0.039841,-0.043651,-0.023622,0.053634,-0.039018,-0.006327,0.013606,-0.122726,0.00674,0.158942,-0.010055,-0.001233,0.05814,0.01096,0.059804,-0.019268,-0.057398,0.01752,-0.028116,0.045961,0.064526,0.100466,-0.036345,0.013893,0.007689,-0.005738,-0.026523,-0.059883,0.069193,-0.129603,-0.000182,-0.140647,0.047814,0.015519,-0.040763,-0.027077,0.038682,0.032848,-0.069644,0.008616,-0.036338,-0.050672,0.009137,0.075625,0.01025,-0.027202,-0.005683,-0.049469,-0.006817,-0.024205,-0.025817,0.014787,0.009073,-0.222952,-0.11297,-0.024228,-0.000794,-0.036832,-0.034425,-0.126991,-0.06014,-0.105892,0.054311,-0.056649,0.047679,-0.002547,-0.008887,0.004323,0.033112,0.02752,0.050628,-0.011602,0.006917,0.012928,0.019467,-0.004591,0.003578,0.032344,0.016771,0.097344
2023-04-28,0.025294,-0.038812,-0.042821,0.028997,-0.223015,-0.10566,0.056313,0.004575,0.024867,-0.048525,0.141312,0.015119,0.024601,0.128525,-0.119914,0.004038,-0.161725,-0.062908,0.066577,0.021178,0.050526,0.089452,-0.084809,0.056675,-0.029596,-0.092518,-0.02381,0.138028,-0.038014,-0.021908,0.005453,0.011403,-0.011382,0.029271,0.096694,-0.022271,0.150929,-0.015962,0.019546,0.028298,-0.010562,0.069747,0.043645,-0.005677,0.126412,0.030778,-0.023201,0.06714,-0.187005,0.042,-0.057284,0.030757,-0.102776,-0.015755,-0.000756,-0.196033,0.002335,0.028961,-0.095084,-0.034735,0.053224,-0.007301,-0.030587,0.005672,-0.04359,-0.196461,-0.018191,-0.052287,0.021552,0.065802,-0.072448,-0.061719,0.012014,-0.070042,0.044462,-0.008191,0.013762,0.059626,0.044457,0.01788,-0.042845,0.088489,-0.006397,0.015152,0.03479,-0.035565,-0.202458,-0.186358,0.046197,0.01049,0.055654,0.026483,-0.058933,-0.008953,-0.002884,-0.09937,-0.010353,0.003678,-0.089593,0.025105,0.035005,0.388489,0.105074,0.099256,0.133369,0.011601,0.062581,0.146581,-0.017563,0.017931,-0.138024,-0.097761,-0.112954,-0.017941,0.094421,-0.058131,-0.080067,0.03269,-0.010998,-0.059038,-0.083284,-0.059594,-0.012959,-0.008028,0.030703,-0.02809,0.035357,0.035748,-0.093433,-0.134998,-0.172669,-0.066316,-0.142543,-0.087168,-0.059204,-0.204409,0.121626,-0.103515,-0.055385,-0.058993,-0.21567,-0.131364,0.026965,-0.039286,-0.047287,-0.03697,-0.018969,-0.060073,0.094854,-0.066042,-0.00083,-0.160938,0.009949,-0.027429,-0.058295,0.038899,-0.066293,-0.006229,0.102011,-0.082169,-0.063674,-0.064383,-0.01071,-0.032562,-0.004597,-0.00539,-0.015794,0.003292,-0.065046,-0.00078,-0.001792,-0.013722,0.005205,-0.023422,-0.057548,-0.004025,-0.057126,0.002013,-0.008696,0.035739,0.108892,0.038678,0.00752,-0.025317,0.025755,-0.030641,-0.103283,0.012268,0.035386,0.034707,-0.029323,-0.028777,-0.03436,0.013135,-0.004428,-0.001575,-0.035081,0.038162,-0.036426,-0.013648
2023-05-31,-0.108931,-0.065041,-0.057025,-0.118953,0.171068,-0.164557,0.089214,-0.12249,-0.054041,-0.332,-0.05154,0.26383,-0.326742,-0.035245,0.142944,-0.066632,-0.003215,-0.192781,0.005701,-0.13437,-0.083667,0.03113,-0.039166,-0.130878,-0.164584,-0.197763,0.13895,-0.071411,-0.119729,-0.0921,0.00044,-0.080834,-0.048206,0.011143,-0.099336,-0.032778,0.039845,-0.026742,-0.081401,0.313487,-0.002885,-0.002953,-0.014788,-0.069061,0.121389,-0.016287,-0.064642,-0.172541,0.001053,-0.133536,-0.005634,-0.059966,-0.014658,-0.086773,0.034782,0.061783,-0.063747,-0.100143,-0.16,-0.079318,-0.111936,-0.044176,-0.005151,-0.136492,-0.122706,-0.09295,-0.217354,0.023017,-0.004886,-0.178619,-0.053952,-0.241509,-0.030866,-0.063648,-0.044539,-0.062733,-0.036571,0.000799,-0.074623,-0.086873,-0.14145,-0.07221,-0.023455,-0.21322,0.0147,-0.064844,-0.132711,-0.142298,-0.107403,0.007107,-0.031915,-0.068971,-0.171787,-0.085509,-0.137687,0.107433,0.156347,-0.126132,0.025257,-0.031026,0.013341,0.212435,0.046276,0.013655,0.101735,0.010632,-0.00595,-0.075341,-0.069885,0.130507,-0.042508,0.199121,0.0035,-0.025157,-0.045706,-0.004697,-0.029779,0.050773,0.09512,-0.061673,-0.06999,-0.06473,-0.060204,-0.063699,-0.003898,0.063677,0.043894,0.033824,0.056255,0.44249,0.098214,0.225864,0.145734,0.06253,0.13176,0.009835,0.025283,0.036698,-0.091418,0.060061,-0.094533,0.117939,0.195984,0.083486,-0.046065,0.268352,-0.083582,-0.0078,-0.024474,-0.249643,-0.085203,-0.097529,0.099319,-0.027319,-0.049799,-0.059132,-0.07243,-0.00405,-0.016709,-0.083105,-0.040227,-0.052194,-0.160917,-0.030819,-0.004618,-0.047896,-0.023082,-0.060947,-0.023848,0.023087,-0.022069,-0.009339,0.031159,-0.096602,-0.01773,-0.033131,-0.065051,-0.061776,0.014011,-0.086658,0.000647,0.037237,-0.060202,-0.174439,-0.056772,-0.041491,0.056777,-0.006847,-0.037337,-0.057269,-0.061774,0.060407,-0.046656,-0.03463,0.037255,0.005178,0.034008,-0.05133,0.019457,-0.057974
2023-06-30,0.111801,0.213044,0.272472,0.064534,0.160784,0.141414,0.101884,0.103565,0.036856,0.262857,0.030605,0.14899,0.232867,0.080153,0.204364,-0.054722,0.162903,0.186653,0.125497,0.07001,0.000547,0.159119,0.176935,0.120817,0.113466,0.043924,0.074951,0.024665,0.077747,0.001425,0.009637,0.138539,0.114242,0.044025,0.236116,0.122343,0.071615,-0.031983,-0.03298,0.188481,0.062789,0.033723,0.019819,-0.095747,0.098154,0.021799,0.14947,0.081631,-0.053628,0.101238,-0.021651,0.027289,0.068044,0.133764,0.077468,0.112198,0.203119,0.189902,0.14372,0.081221,0.138888,0.100575,0.146926,0.221424,0.228953,0.279795,0.340089,0.087648,0.237224,0.244634,0.147993,0.192731,0.038247,0.122383,0.133126,0.040947,0.077648,0.086474,0.075812,-0.003154,0.021308,0.235065,-0.006641,0.063774,0.153989,0.097799,0.081541,-0.040343,0.101897,-0.008064,0.161365,0.099945,0.015455,0.097429,0.051376,-0.157575,0.003178,0.069754,0.15219,0.0148,-0.030835,0.324786,0.12716,0.015049,0.019149,0.006383,0.082458,0.018869,0.038441,0.175778,0.082222,0.112755,0.075606,0.147585,0.20499,0.191096,0.172829,0.114493,0.120477,0.042686,0.191694,0.279245,0.085074,0.138255,0.075321,0.264612,0.087399,0.183619,0.049044,0.003283,0.151423,0.162692,0.09364,0.158478,0.158558,0.121348,0.202515,0.08337,-0.124191,0.020072,0.042868,0.023048,0.042043,0.111715,0.155656,0.064521,0.149303,0.070831,0.037316,0.095119,0.096511,0.207493,0.14589,-0.012495,0.188225,0.090431,0.13813,-0.014033,0.281271,0.042232,-0.023219,0.127548,0.023916,0.009289,0.038411,0.017761,0.016054,0.098352,-0.033627,0.024244,0.005877,0.018999,0.034652,0.337758,0.169086,-0.004415,0.080996,0.149177,0.045294,0.144578,0.128788,0.064455,0.017857,-0.023014,-0.014125,-0.005917,0.087476,-0.054524,-0.02925,-0.011321,-0.01795,-0.051026,-0.006877,0.013952,0.064007,-0.020491,-0.063814,-0.050302,-0.092778,0.102424
2023-07-31,0.037901,0.11135,0.125828,0.131348,-0.040541,-0.207965,0.181818,0.121105,-0.154057,-0.025516,0.011515,0.108425,0.004537,0.027764,0.001326,0.01628,-0.069348,0.035113,-0.013114,0.03191,0.073224,-0.013023,0.078091,0.030826,0.173121,0.201395,0.097797,-0.167565,0.054597,-0.036375,0.136357,0.104752,0.152333,-0.064625,0.046953,0.090072,0.05969,0.152629,-0.016592,-0.030096,0.068609,-0.098477,0.050118,0.010445,0.021798,0.049554,0.016219,0.105967,0.026444,0.117459,0.093071,-0.042071,0.044106,-0.020342,0.069047,0.158769,0.152302,0.063265,0.25187,0.059808,0.137561,0.129765,0.151242,0.200535,0.323309,0.226302,0.199906,0.151983,0.138348,0.099138,0.262905,0.036011,0.095352,0.221665,0.015665,0.085835,-0.075055,0.075546,0.424458,0.121105,0.091992,-0.004196,0.102748,0.323871,0.04097,0.039985,0.060607,0.029837,-0.022422,0.075456,0.098365,0.012261,0.069213,-0.028483,-0.040196,0.212781,0.009749,-0.070346,0.076022,-0.037994,0.030624,0.032258,0.014102,-0.107245,0.220877,0.083392,0.043675,-5.6e-05,0.097257,0.072157,0.014042,-0.004237,0.204741,0.01642,0.23577,0.033407,0.063287,0.084946,-0.123801,0.0,0.012783,0.014531,0.029438,0.002019,0.058869,-0.045758,-0.026255,-0.085558,0.07831,-0.02431,-0.0406,-0.03644,0.085915,-0.038652,0.010499,-0.05452,0.049088,0.002545,0.05366,0.06998,-0.002592,0.074553,0.07312,-0.039109,0.082272,0.091123,0.150917,0.091667,0.123296,0.164571,0.022217,0.053103,-0.010997,-0.099677,0.136072,-0.000519,0.043258,-0.006439,0.015337,-0.064833,0.061444,-0.009047,0.051203,0.007075,0.046828,-0.005718,-0.029109,0.045998,0.05496,0.025506,0.01053,-0.017857,0.015067,0.23925,0.131322,0.042906,0.054777,0.035096,0.103653,0.086341,-0.040169,-0.064764,0.018314,0.000741,0.002144,-0.07528,0.035978,0.01044,0.017937,0.001162,-0.052966,0.030205,0.002049,-0.005109,0.025963,0.016207,-0.006387,-0.016043,0.026922,0.014284
2023-08-31,0.086114,0.00774,-0.132946,-0.163337,-0.088908,-0.111732,-0.123055,-0.121395,-0.068506,1.679552,-0.024565,-0.454726,1.590063,-0.095285,-0.200794,0.085598,-0.187779,-0.080943,0.035837,-0.067278,-0.166752,-0.011258,-0.063993,-0.046549,0.124271,-0.276242,-0.086885,0.081398,0.189527,-0.101615,-0.032469,-0.131911,-0.027397,-0.03894,-0.066532,0.040376,-0.084056,0.015745,-0.089302,0.354803,0.039236,-0.057444,-0.075049,-0.089917,0.1884,0.028629,-0.21464,-0.065726,0.051645,0.026788,-0.029139,-0.142449,0.090415,-0.039867,0.030226,-0.007361,0.165886,0.14438,0.052291,0.034523,0.110316,0.055811,0.095588,0.015145,-0.107323,-0.072836,0.052898,-0.058731,0.030423,-0.028284,-0.096125,-0.035101,-0.00798,-0.09567,0.060471,0.005436,-0.033325,-0.052169,-0.030514,-0.102811,-0.076909,0.070165,-0.061181,-0.105263,-0.066688,0.036071,-0.076147,-0.102682,-0.012108,-0.035689,-0.081409,-0.102373,-0.012729,-0.028557,-0.307281,0.013698,-0.027999,-0.044683,-0.00574,-0.017753,-0.208695,0.278125,0.009976,-0.125753,-0.075923,-0.027212,-0.07753,-0.186048,-0.105505,0.051728,-0.023965,-0.066068,-0.006904,0.047935,0.007232,-0.068563,0.132308,-0.060513,0.003515,0.006591,-0.024606,-0.173516,0.008621,-0.00179,0.016568,0.103378,-0.057594,-0.136952,-0.023905,-0.098067,-0.038638,-0.064516,-0.049516,0.046392,0.031169,-0.095749,0.067446,0.031069,0.093662,-0.058579,0.015347,0.121398,-0.123444,-0.056077,-0.030328,-0.130418,-0.043739,-0.012397,0.039717,-0.04686,-0.006661,-0.133711,0.026848,-0.031552,-0.104349,0.042749,-0.085774,-0.011434,-0.176203,0.033275,0.026475,-0.010362,-0.047588,-0.080992,-0.030784,-0.041935,-0.038053,-0.033421,-0.029406,-0.107671,-0.077085,0.004642,0.009702,0.068506,-0.069872,-0.021589,-0.097222,-0.013549,-0.011575,-0.038068,0.009321,-0.012324,-0.058091,-0.067062,-0.060669,-0.047351,-0.051806,-0.06448,-0.079924,-0.078132,-0.0566,-0.076123,-0.08117,-0.107491,0.021663,-0.042888,-0.068843,-0.126666,-0.047389,-0.092079
2023-09-29,-0.069347,-0.164177,0.027273,-0.009551,-0.13913,-0.106918,-0.023491,-0.119349,-0.06817,-0.138899,0.12715,-0.086061,-0.063222,-0.03013,-0.032579,0.000269,-0.13945,-0.044411,0.07584,-0.088479,-0.03483,-0.13406,-0.068638,-0.153664,-0.082037,-0.122197,-0.015658,-0.073755,0.08586,-0.093589,-0.073317,-0.092277,-0.003674,-0.019574,-0.11792,-0.005866,0.001575,-0.092608,-0.08233,-0.124668,0.049277,-0.050816,-0.036181,-0.014868,-0.208204,-0.063538,-0.257884,-0.033985,0.013183,-0.127533,-0.083609,0.00423,0.0,-0.051038,0.003373,0.141608,-0.062869,-0.063307,-0.00846,0.004824,-0.014855,-0.001101,0.010291,0.128565,-0.015908,0.040673,-0.05868,0.103301,0.09288,-0.100326,0.054263,0.204355,-0.006087,-0.047182,0.016898,0.001948,-0.027386,-0.034584,-0.080784,-0.029714,-0.0173,0.038883,-0.037661,-0.056154,-0.034209,-0.041238,-0.056604,-0.113269,0.033227,0.039915,-0.077172,-0.082255,-0.104323,-0.029919,-0.168066,-0.085677,0.126397,-0.050305,0.081421,0.016151,0.015196,0.031785,-0.156241,0.057292,-0.228719,-0.001672,-0.080647,-0.179411,-0.019544,-0.111813,0.05599,0.030119,0.062065,0.010234,-0.064641,-0.03381,-0.080901,-0.035654,-0.109377,-0.187842,-0.086853,-0.03834,-0.053675,-0.087862,-0.000362,-0.137015,-0.074327,-0.116512,-0.110997,-0.012042,-0.125359,-0.074617,-0.010759,-0.044299,-0.020151,-0.140664,-0.052602,-0.084392,-0.012742,-0.125248,-0.098489,-0.019916,-0.010247,-0.140975,-0.103009,-0.114457,-0.048175,-0.048982,-0.026224,-0.078984,-0.08828,0.022237,-0.119187,-0.050804,0.291204,-0.117153,-0.063241,-0.05396,-0.115397,-0.04476,-0.044024,-0.113483,-0.057139,0.006281,0.031663,-0.102491,-0.074095,-0.054595,-0.069904,-0.008487,-0.102818,-0.077566,-0.051869,-0.055787,-0.066724,-0.087646,-0.039031,-0.050952,0.112529,-0.133192,-0.066168,-0.154391,-0.021145,-0.071866,-0.02285,-0.145741,-0.024544,-0.079273,-0.066764,-0.080182,-0.027035,-0.057817,-0.019442,-0.034341,-0.078306,-0.065669,-0.107399,-0.027636,-0.058508,-0.054121
2023-10-31,-0.018974,-0.116784,-0.053097,-0.046285,0.123457,0.028169,-0.092003,-0.022948,-0.185535,-0.006554,-0.101362,-0.119363,-0.021876,-0.026588,-0.016553,-0.177388,-0.121535,-0.050714,0.061335,-0.050103,0.073758,-0.136293,-0.033085,-0.063279,0.221146,-0.035305,0.059039,-0.05343,-0.046679,0.012354,0.041127,-0.089503,-0.115292,-0.034025,-0.068388,-0.133908,-0.091524,0.116951,-0.002188,-0.113695,-0.018224,-0.028769,-0.048984,-0.007095,-0.156606,-0.160419,-0.101511,-0.053819,-0.064106,-0.128719,-0.013611,0.025087,-0.011554,-0.145852,0.105831,-0.112086,0.02047,0.037155,-0.044976,-0.020078,0.005555,-0.010585,-0.038087,-0.145023,-0.082369,-0.037614,-0.065127,-0.07251,-0.038272,0.142339,-0.061432,-0.092343,0.016332,-0.057772,-0.061613,-0.012281,-0.058155,-0.01469,-0.105939,-0.000733,-0.085869,-0.193707,-0.180795,-0.091122,-0.103766,-0.114892,0.071332,0.000515,-0.019501,0.009111,-0.024418,-0.079355,-0.232027,-0.124848,-0.168788,-0.153764,-0.02403,-0.085072,-0.018754,0.082644,-0.070236,-0.082938,-0.043632,-0.004057,0.083013,-0.04856,0.034936,-0.176036,0.037944,-0.061495,-0.04828,-0.015725,-0.087985,-0.076691,-0.10074,-0.007367,-0.080687,0.097556,-0.042921,-0.023187,-0.030605,-0.059464,-0.076065,0.059894,-0.097826,0.001459,-0.039052,-0.14698,-0.08432,-0.02617,-0.148796,-0.057526,-0.030338,-0.038597,-0.034154,-0.204591,0.027049,0.057432,-0.149087,-0.015434,-0.095051,0.002622,-0.033427,-0.079336,0.038437,-0.054473,-0.074677,-0.070372,0.059577,-0.08764,-0.025939,0.073576,-0.075727,-0.035226,-0.046006,-0.062883,-0.048376,-0.046734,-0.072191,-0.070749,-0.040277,-0.104757,-0.061827,-0.03456,0.049756,0.017297,-0.105953,0.013158,-0.123809,0.027858,0.044789,-0.111158,-0.033694,-0.153439,-0.109075,0.014794,-0.113141,0.007035,-0.02152,-0.108458,0.034898,-0.119402,0.039414,-0.095652,0.020299,0.025992,-0.029796,-0.119851,-0.011364,-0.044278,-0.00123,-0.115407,-0.01679,-0.00104,0.013436,-0.008007,-0.093504,-0.021007,0.028958,0.045541
2023-11-30,0.165716,-0.064162,0.099455,0.006245,0.381618,-0.10274,-0.007046,0.022572,0.02834,0.083012,-0.13584,0.216867,0.080895,0.03364,0.254788,-0.001982,0.218447,0.055574,0.020041,-0.035476,0.061616,0.046652,0.030749,0.098656,0.56797,0.216854,0.031196,0.057488,0.106455,0.182378,0.068232,0.112985,0.060321,0.02384,0.239256,-0.004193,0.072576,0.002353,0.04739,-0.023407,0.025226,0.117359,0.095213,-0.005692,0.274857,0.078413,0.413558,-0.015341,0.057603,0.236063,0.025011,-0.01933,-0.069906,0.216649,-0.093192,-0.060566,-0.07118,-0.058363,-0.057115,-0.037186,0.156214,-0.04057,-0.039595,-0.060482,-0.07167,0.03652,-0.092203,0.040001,-0.120995,-0.206811,-0.073901,0.013962,0.070489,0.097227,0.077218,0.052202,0.104269,0.099403,0.255683,0.105794,0.152987,0.048883,0.104203,0.169667,0.208911,0.060668,0.113945,0.127055,0.035003,-0.019891,0.168947,-0.017283,0.107672,0.026931,0.426341,0.168624,0.117461,0.142807,-0.065011,0.008427,0.108669,0.113695,0.232567,0.041024,-0.012849,-0.051156,0.074535,-0.105038,-0.033861,0.13497,0.106748,0.064778,0.105895,0.041939,0.088984,0.049669,0.113981,0.047224,0.219418,0.026719,-0.007335,0.052296,0.16081,0.080275,0.027443,0.106183,0.042264,0.195384,0.103866,0.245537,0.03856,0.327841,0.109209,0.009281,0.071483,0.14309,0.008957,0.03631,0.186698,0.216191,0.13417,0.2085,0.125937,0.093745,0.07479,0.176327,0.117248,0.154164,0.100301,0.104987,0.121772,0.022646,0.176337,0.034339,0.150194,0.072953,0.167631,0.074701,0.194207,0.045974,0.147599,0.086338,0.048087,0.053929,0.072491,0.062931,0.166324,0.035113,0.138298,0.172314,0.118084,0.112293,0.082883,0.226042,0.19933,0.082004,0.215531,-0.009381,0.093042,0.148294,0.051423,0.099274,0.024854,0.057212,0.0189,0.168487,0.019288,0.095915,0.025987,0.079917,0.039921,-0.035353,0.09671,0.047907,-0.00252,0.029402,0.078885,0.085526,0.044175,0.035591
2023-12-29,0.042562,0.127239,0.168803,0.074709,0.22415,0.396947,0.021289,0.104418,0.083816,-0.059256,-0.011228,0.155941,-0.085626,0.100974,0.117484,0.061721,0.320717,0.052805,-0.035151,0.079247,0.199111,0.200188,0.061658,0.172008,0.041853,0.06912,-0.00028,0.1655,0.072369,-0.115519,0.044289,0.216443,0.073989,-0.008532,0.234892,-0.006316,-0.005362,0.08216,0.013079,0.101192,0.11676,0.080576,0.066575,0.075909,0.222288,0.124499,0.094052,0.155816,0.197621,0.222833,0.045856,0.008425,0.234845,0.089474,-0.060852,-0.00991,0.033912,-0.017623,0.080517,-0.009767,0.062802,-0.002572,-0.041227,0.03001,-0.077712,-0.04627,0.068487,-0.049374,0.200233,-0.103343,-0.000276,0.020134,0.011503,0.134318,0.113164,0.052022,0.117078,-0.017899,0.284459,0.132807,0.114917,-0.043388,0.193396,0.206939,0.163121,0.101767,0.239931,0.219599,-0.018289,-0.021733,0.190396,0.186331,0.058933,0.134572,0.147496,0.143402,0.02264,0.128899,-0.010743,0.031305,-0.13432,0.408353,0.046344,0.061487,0.405296,0.057376,0.135978,0.136509,0.06748,0.161258,0.142642,0.184035,0.073922,0.08257,0.122518,0.055517,0.114297,0.022217,0.10802,0.160737,0.069409,0.107044,0.040176,0.093949,0.022541,-0.030493,0.10819,0.033325,0.166943,0.008571,0.246287,0.086269,0.109899,0.084907,0.046132,0.255291,-0.084597,0.061243,0.151633,-0.059452,0.095903,0.061891,0.085213,0.165951,0.058854,0.120659,0.090116,0.104008,0.033045,0.001239,0.08122,0.189977,0.121812,0.139109,0.089334,0.199126,0.150473,0.012871,0.161338,0.084612,0.100132,0.218475,0.05493,0.091833,-0.018273,0.067351,0.178416,0.08132,0.147433,0.107657,0.061054,0.126189,0.098553,0.212538,0.34525,0.088101,0.105149,0.082386,-0.022602,0.186647,0.091967,0.135004,-0.003424,0.137224,0.01886,0.098518,0.071731,0.125817,0.06722,0.045745,0.066563,0.105674,0.034017,0.023752,0.113484,0.006508,0.11105,0.052724,0.025707,-0.019526
2024-01-31,-0.006547,0.051507,-0.06947,0.017984,-0.061429,-0.333333,-0.049055,0.133716,-0.119047,0.046867,-0.018453,-0.052463,0.068849,0.018444,-0.038079,0.066162,-0.016591,0.003125,-0.01133,0.03644,-0.009032,-0.072452,-0.058849,0.007246,-0.099711,-0.178779,0.064724,-0.103461,-0.031631,0.086393,-0.030842,-0.098602,0.018287,0.039959,-0.049311,-0.052436,0.009476,-0.017715,0.029259,-0.08474,0.046976,-0.052271,-0.008845,0.040994,0.105238,0.003167,0.08121,-0.033748,-0.032287,-0.007607,-0.069992,0.104513,-0.064059,-0.027375,-0.045992,0.148999,-0.037498,-0.034646,-0.037968,-0.03147,0.061039,-0.092827,0.01,-0.023496,0.026852,0.113201,-0.065198,0.047674,-0.068229,-0.117514,0.111541,0.097862,-0.046259,-0.024866,-0.001084,-0.002369,-0.017039,0.138025,-0.027816,-0.056401,-0.024153,0.187095,-0.021133,-0.11418,-0.032521,0.050578,-0.064376,-0.229947,0.024414,0.054081,-0.087401,-0.009383,-0.006194,-0.011491,-0.120334,0.053393,0.015813,-0.02681,0.13997,0.013749,-0.162419,-0.118616,0.063273,0.030806,-0.172469,-0.105836,0.022608,-0.082314,0.005227,-0.072668,0.16272,-0.003663,-0.01295,-0.031296,0.028205,-0.052418,0.015589,0.10054,-0.029455,-0.036566,0.007578,0.021959,-0.043575,-0.054884,0.002294,-0.022508,0.020213,-0.082928,-0.114288,0.004103,-0.023833,-0.02847,-0.070487,-0.101191,0.074627,-0.067362,0.265643,-0.124017,-0.064673,-0.002456,-0.072004,-0.036224,0.148153,-0.082299,0.029842,-0.04463,-0.011503,-0.039326,0.021948,-0.140498,-0.069806,-0.018119,0.115559,-0.060152,0.052485,-0.057748,-0.10113,0.018436,-0.060426,0.015249,-0.136527,-0.128939,0.110426,0.034889,-0.065237,-0.049176,-0.067529,-0.024221,-0.062567,-0.001454,-0.051115,-0.021834,-0.056051,-0.037522,0.023331,-0.02543,-0.093086,-0.053325,-0.065172,-0.046793,-0.080753,-0.03987,-0.037118,-0.1,-0.058381,-0.116296,-0.073718,-0.146589,-0.055607,-0.040593,-0.084118,-0.03688,-0.089349,-0.054431,0.06414,-0.07237,-0.041182,-0.048405,-0.127241,-0.108146
2024-02-29,-0.088138,-0.060969,-0.126981,0.016694,-0.306482,0.327869,0.248429,-0.054912,-0.2016,-0.20354,0.258858,0.358192,-0.21419,-0.029521,-0.047332,-0.01448,-0.180982,0.020178,0.184161,0.116693,0.082963,0.109862,0.033484,0.137842,0.013376,0.077073,0.093421,0.00744,0.045047,0.204671,-0.017708,0.204455,0.102626,0.037432,-0.048004,0.101174,0.017313,0.171881,-0.036707,0.635671,0.239627,0.001273,0.09352,-0.044589,0.307152,0.114999,0.194532,0.054402,0.037351,0.312776,0.138408,0.125911,0.194499,0.039735,0.088843,-0.070606,0.180421,0.154296,-0.133778,0.10695,0.129585,0.032888,0.037129,-0.049086,0.050521,-0.016306,0.084368,-0.046767,0.042268,0.09475,-0.035808,-0.069357,0.03281,-0.002429,0.078736,-0.025962,0.050256,0.050601,-0.091819,-0.023471,-0.001535,0.29872,0.020625,-0.148649,0.013496,0.075053,-0.032075,-0.050557,0.075879,-0.000181,-0.02904,0.022732,0.01555,0.02178,-0.140776,0.024235,-0.120257,0.21088,0.093014,0.056951,0.259003,0.031776,0.024074,-0.02682,-0.103049,-0.045514,0.088531,0.193379,0.130647,0.252704,0.05558,0.164448,0.011221,0.059855,0.277021,0.122637,0.011215,0.053014,0.132408,-0.001839,-0.100934,0.029565,0.007257,0.068161,0.115179,0.118862,0.038976,0.043539,0.148486,-0.135561,-0.028484,0.018753,0.109879,0.028477,-0.244003,0.114948,0.104123,-0.003378,0.094531,0.334428,0.189378,-0.091505,0.043957,0.118991,0.096349,0.284724,0.006264,0.060764,0.150338,0.014653,0.05015,0.037406,0.120514,0.085255,-0.103135,0.121504,0.149465,0.005138,0.115771,-0.044188,0.183995,0.117923,0.004335,0.017248,0.078393,-0.074092,0.009024,0.007576,-0.032516,0.078071,0.008676,0.028727,0.00875,-0.032733,0.049903,-0.040947,0.136304,0.000467,0.063499,-0.004365,-0.065867,-0.003403,-0.009928,0.105691,-0.039845,-0.083956,0.173855,0.007267,-0.018568,0.018086,0.019103,-0.018111,0.044918,-0.004156,0.00572,-0.0374,0.007405,-0.01012,0.019815,-0.013524
2024-03-28,-0.023939,0.006659,-0.122172,-0.019502,0.041742,-0.037037,0.023294,0.03683,-0.092276,0.059571,0.032165,-0.105657,0.046145,-0.001534,0.042457,0.143328,0.164794,-0.083188,0.005252,-0.028232,0.072076,0.102658,0.060662,0.10344,0.454593,-0.041428,0.045006,0.015426,0.009982,0.176278,0.007481,0.070178,-0.011223,-0.022557,0.118102,0.005584,0.077379,0.07789,0.055556,0.015927,0.032671,0.042266,-2.6e-05,0.042448,-0.059943,-0.001664,-0.009208,-0.037051,0.023656,0.025038,-0.098404,0.007865,-0.023706,-0.047771,0.091558,0.232762,0.138908,0.057324,0.158267,0.14418,0.076628,0.152004,0.13222,0.184211,0.031979,0.091187,0.091285,0.205018,0.313723,0.08538,0.095598,-0.020589,0.070435,0.068776,-0.003653,-0.017705,0.071397,0.031395,0.1119,0.063536,0.027417,0.016583,0.082226,-0.014532,0.081728,0.081009,0.07643,0.027365,0.013793,0.044889,0.0379,-0.006483,0.061342,-0.012423,0.045122,-0.05191,-0.041141,0.08551,-0.011863,0.025234,-0.048027,0.097826,0.285261,-0.005906,-0.204389,0.169498,0.057938,-0.017486,0.042828,0.055134,0.069615,0.050687,0.053374,0.084388,0.016684,0.041676,0.124932,0.004942,0.134714,-0.003384,0.121422,0.040957,0.104132,0.079132,0.086639,0.051263,0.056686,0.149773,0.002444,0.043383,-0.048168,-0.005233,0.060423,0.071154,0.014614,0.044932,0.019208,0.004449,-0.092773,-0.005692,0.008059,-0.029035,0.059764,0.010582,-0.068377,-0.001726,0.101579,0.062979,-0.006953,0.04877,0.152272,0.093269,0.072854,0.03454,0.065473,-0.01425,-0.019133,0.020466,0.134379,0.110639,0.085344,0.078935,0.039833,0.128448,0.093278,0.044096,0.048698,0.037152,-0.002885,-0.014717,0.050381,-0.001485,0.038403,0.093917,0.049969,0.128244,-0.026535,0.012611,0.064121,0.053924,0.040502,0.113047,0.042237,0.017443,0.05425,0.057339,0.117094,0.017823,0.057734,0.049394,0.041294,0.082718,0.047492,0.076912,-0.044882,0.011623,0.057656,0.054819,0.012857,0.245767
2024-04-30,-0.001393,-0.150496,-0.242268,0.007587,0.310976,-0.237179,-0.052276,-0.070985,0.176988,-0.023096,-0.046188,-0.178605,-0.003835,-0.041731,-0.026863,-0.005621,-0.043408,-0.205108,-0.012834,-0.103492,0.078905,-0.219722,-0.131212,-0.118955,-0.250384,-0.000728,-0.102718,0.042424,-0.038281,-0.135118,-0.042215,-0.14882,-0.047215,-0.150159,-0.055397,-0.075215,-0.14855,0.049534,0.050289,-0.140497,0.024038,-0.217685,-0.019341,0.036984,-0.170892,-0.028356,-0.121614,-0.171732,-0.04327,-0.084499,-0.062368,-0.081009,-0.043894,-0.043478,0.042986,-0.074692,-0.023716,-0.066946,-0.052767,-0.033911,-0.024402,-0.023195,-0.008432,-0.02094,-0.093802,-0.148065,-0.008984,-0.110931,-0.00163,0.084052,-0.064907,-0.095631,-0.027995,-0.049971,-0.005461,-0.082528,-0.067893,-0.162476,-0.11466,-0.05792,0.027819,-0.307752,-0.035543,-0.119347,0.019964,-0.110597,-0.093971,-0.087389,-0.047955,-0.068883,-0.008854,-0.071775,-0.220083,-0.082627,0.003151,-0.107221,-0.048212,-0.169576,-0.033321,-0.115168,0.069087,-0.00165,-0.003288,-0.021782,-0.096268,0.077329,-0.043281,-0.087589,-0.011025,-0.088481,-0.075475,-0.01072,0.013811,0.032399,-0.321658,0.054193,-0.099751,-0.005187,-0.024455,-0.04409,-0.071777,0.020474,-0.056079,-0.070425,0.14488,-0.068134,-0.08707,0.000698,0.017504,-0.113088,-0.130913,-0.068735,-0.022792,-0.01432,-0.046914,-0.154676,-0.080895,0.065282,-0.148103,-0.080755,-0.043107,-0.017738,0.010253,-0.104537,-0.010062,-0.004323,-0.035602,-0.074059,-0.169708,-0.032964,-0.057673,-0.256816,-0.077424,0.058246,0.12603,-0.087577,-0.12759,-0.030947,-0.127756,-0.039127,-0.010521,-0.02258,-0.020951,-0.114119,0.014362,0.006105,-0.105706,-0.046469,-0.148907,-0.087622,-0.038379,-0.135516,-0.102156,-0.095238,-0.201393,-0.012003,-0.107702,0.017756,-0.057549,-0.032198,-0.037121,-0.022318,0.022693,0.041564,0.020347,0.014317,-0.019834,-0.035655,0.029286,0.005495,0.018177,-0.000155,0.006844,-0.009621,-0.012037,-0.01938,-0.013327,0.027413,0.056799,-0.005081
2024-05-31,0.189867,-0.006165,-0.032333,-0.006831,-0.001993,0.084034,0.119855,0.045687,-0.022085,0.270926,0.007584,0.397508,0.525302,0.06786,0.077916,-0.029811,0.164706,0.149671,0.061306,0.037915,0.317724,0.033691,-0.004131,0.057319,0.411306,-0.075724,0.070585,0.003876,0.051027,0.251427,-0.03741,0.059186,0.020408,-0.003432,0.064016,-0.02893,-0.042787,-0.002499,-0.02924,0.122211,0.196123,0.064054,0.026093,-0.029097,0.150003,0.044174,0.191657,0.029215,0.114585,0.236636,0.038202,-0.027829,0.06105,-0.094406,0.027847,-0.125757,0.040008,0.021686,0.017848,0.040205,0.063398,-0.034741,0.118197,0.03361,0.018484,-0.067295,0.036908,-0.060006,0.124986,0.164016,-0.021617,0.133224,0.0643,0.033253,0.061652,-0.027808,0.041705,0.069741,0.115551,0.005325,0.017557,0.056488,0.027295,0.017118,-0.038008,-0.11332,0.033167,-0.002375,0.034846,-0.036271,-0.062038,0.347861,0.063429,0.000866,0.030534,-0.092022,-0.089433,-0.160236,0.035103,-0.023274,0.229787,0.104132,0.209072,0.095142,-0.096349,-0.08559,0.086088,0.085989,-0.103818,0.106054,0.04555,0.144569,0.002577,0.053859,0.031878,0.077283,0.01693,0.030744,0.285245,-0.084484,-0.036217,-0.022492,-0.054352,0.009657,0.137817,0.000482,0.127493,-0.023245,-0.157908,0.008026,-0.048101,0.153348,0.227181,0.11725,-0.027202,0.038522,0.006791,0.090387,-0.243688,-0.032985,0.295021,-0.14209,0.049966,0.036166,0.046232,0.167499,0.093039,0.042397,0.015467,-0.014654,0.072956,0.022485,-0.073072,0.066646,0.002395,0.086434,-0.003706,0.104696,0.256187,0.012645,0.126117,0.053277,0.05506,0.095551,0.034385,0.06629,0.046242,0.018552,0.059566,-0.003887,0.030595,0.037428,0.023116,-0.05801,0.110586,0.016705,0.012138,0.005505,0.069573,0.008282,0.018229,0.058973,0.047619,-0.003912,0.016125,0.197605,0.048372,0.183253,0.030766,0.040122,-0.005264,-0.034974,-0.008092,0.030135,0.065258,0.04452,0.057996,0.0407,0.021344,0.028745
2024-06-28,0.000195,-0.008162,0.003546,0.018847,0.105859,-0.147287,0.052705,0.001931,-0.111317,0.044311,0.251882,0.076985,0.006492,-0.01326,0.082197,0.116598,-0.015873,-0.044437,0.069994,-0.056703,0.024919,0.043837,-0.08315,-0.0684,-0.175069,-0.070742,-0.015824,0.077992,0.09933,-0.062323,0.05127,-0.149324,-0.036857,-0.033704,-0.078098,-0.086003,-0.06483,0.07125,-0.048862,-0.286197,0.059256,-0.047684,-0.024494,0.018251,0.127388,-0.035056,-0.007864,-0.024867,-0.009081,-0.01357,0.188416,0.023609,-0.113924,-0.032819,-0.08957,-0.006691,-0.142772,-0.060678,0.014345,-0.023507,-0.000988,-0.036224,-0.076046,-0.000845,-0.053016,-0.039124,0.027069,-0.027494,-0.078583,-0.113578,-0.050447,-0.107345,-0.019399,0.014443,0.000593,0.009919,-0.039176,0.047324,-0.003332,-0.009128,0.007512,0.004327,0.011256,-0.005083,-0.012826,-0.054346,-0.001605,0.008043,-0.036238,-0.038726,-0.021012,0.020563,-0.047933,-0.07557,0.13889,-0.15447,0.268565,-0.025206,0.055338,-0.021267,-0.01882,-0.049401,0.004775,0.05915,0.076159,-0.016056,-0.044952,0.116701,0.070596,-0.075509,-0.06999,0.019509,0.01984,-0.027927,0.158274,-0.023915,-0.048624,0.014509,-0.062236,0.170469,-0.088046,-0.0778,0.00916,-0.022238,-0.035757,0.042722,-0.036337,-0.038553,0.179388,0.063337,-0.086436,0.023623,0.106177,-0.051491,-0.002663,-0.123167,0.071172,-0.063192,0.057214,0.053429,0.11299,0.014081,0.129938,0.005858,-0.126996,-0.07987,-0.098032,0.128589,-0.0319,-0.05885,-0.025224,-0.109375,-0.063212,-0.044805,-0.082712,0.002279,-0.054642,-0.173538,-0.101985,-0.10051,-0.10176,-0.017246,-0.056704,-0.07113,-0.006828,0.023572,0.067596,0.025766,-0.007645,-0.0388,0.019871,0.016255,0.032136,0.072186,0.021164,0.045723,-0.021707,0.020985,0.056242,0.000865,0.029941,0.131967,-0.016529,-0.085298,-0.024301,-0.105111,-0.092924,-0.049072,-0.018123,-0.03667,-0.00691,0.036021,0.003512,-0.023576,-0.031834,-0.01386,-0.046152,-0.064089,-0.028062,-0.067515
2024-07-31,0.049097,0.255431,0.219081,0.065274,-0.198073,1.863636,-0.079758,0.113126,0.078136,0.022672,0.090657,0.094056,-0.037084,0.101166,-0.052672,0.182544,-0.020528,-0.130245,0.075534,-0.074637,-0.077082,0.15135,0.068558,0.417995,-0.010785,0.104442,0.121803,0.028367,0.068412,-0.079279,0.023243,-0.014184,-0.075326,0.010437,0.253444,0.186347,0.03974,0.071188,0.066854,-0.179716,0.194,-0.286156,0.091731,0.045451,-0.180998,0.124754,0.063411,0.212445,0.171167,-0.059433,-0.047814,0.021644,0.034805,-0.006986,-0.068595,-0.114516,0.072788,0.031544,0.095214,0.07498,0.025222,0.003395,0.0893,0.268808,0.06081,0.06836,0.196814,-0.03958,0.039387,-0.087669,0.118429,0.004069,0.120388,0.164631,0.114118,0.011806,0.18812,0.064207,0.280802,0.18613,0.160093,0.186332,0.122217,0.203438,0.077748,0.035622,0.209011,0.114696,0.070367,-0.037408,0.154209,0.050664,0.238915,0.122309,-0.036918,0.327543,0.037768,0.073656,-0.089559,0.050831,0.305642,0.154331,0.014087,-0.007679,0.170462,0.088481,0.02565,0.069305,0.028468,0.103809,0.041649,0.037991,0.131417,0.050935,-0.118999,0.04284,0.004159,-0.068811,0.087402,0.023741,-0.035349,0.085112,0.030671,0.043772,0.026309,0.005115,0.053944,-0.07104,0.032403,-0.124575,0.170306,0.056677,-0.11515,0.044086,0.06453,0.085872,-0.094411,0.242198,0.143639,0.152396,0.02209,0.045862,0.2573,0.110784,0.061648,0.045271,0.020992,-0.006268,0.087864,0.030104,0.054711,-0.002599,0.252184,0.052028,0.101004,0.152712,0.113752,0.063091,0.192275,0.214978,0.091414,0.036426,0.02286,0.148417,0.074103,0.117506,0.065383,0.116485,0.123795,0.006509,0.067182,0.151758,0.135148,0.140738,0.036917,0.067846,0.042627,0.114449,0.053896,0.205111,0.078661,-0.004802,0.098927,0.082096,0.049383,0.080599,0.053709,0.082845,0.095745,0.085877,0.093823,0.090525,0.096493,0.073682,0.106519,0.137247,0.111394,0.132043,0.102495,0.175589
2024-08-30,0.025005,-0.024384,-0.038158,0.043112,-0.298799,0.666667,0.162995,-0.065619,-0.101045,0.114151,0.161153,-0.051582,0.034791,-0.012664,0.167607,0.011728,0.076347,0.020677,0.030035,-0.06867,0.070498,0.001303,-0.044166,-0.036816,-0.044719,-0.154283,-0.211292,-0.031973,0.092682,0.087817,0.039355,0.147347,0.008693,-0.001703,-0.02366,-0.016071,0.029636,0.12976,0.041041,-0.187914,0.041646,0.037956,0.079923,0.061033,-0.132055,-0.012242,0.029815,-0.084163,0.017634,0.117502,-0.074401,-0.115508,-0.009287,-0.057286,-0.043228,-0.158406,-0.012338,-0.074094,-0.146494,-0.054796,-0.015004,-0.091803,0.045334,-0.100933,-0.161965,-0.093795,-0.054988,-0.130575,-0.103678,0.122492,-0.182827,0.057667,0.036106,-0.008492,0.042396,0.026158,-0.063458,0.04916,0.020062,0.014617,-0.01159,0.074765,0.026324,0.033333,-0.0328,0.041265,0.057929,0.087855,0.025244,0.011391,-0.075496,0.010283,-0.003074,-0.019322,0.043324,-0.098118,-0.035989,-0.018541,0.013761,0.028967,0.015644,0.181446,0.109456,0.133544,-0.128286,-0.160689,0.095234,0.302016,0.054088,-0.113642,0.013328,0.105734,0.042368,-0.013254,-0.100562,0.116321,-0.002385,0.111825,-0.041142,-0.032696,-0.032515,-0.023868,0.105176,-0.015522,-0.024089,-0.029145,0.01147,-0.037836,-0.032638,-0.130638,0.070896,0.128706,-0.089432,0.026414,0.051003,-0.014651,0.047454,-0.000468,-0.066797,0.016638,0.11657,-0.160721,0.016683,0.011591,0.049759,-0.011794,-0.012842,-0.004789,0.023,-0.040309,-0.00929,-0.149186,-0.053433,0.00289,-0.111684,-0.002423,-0.035303,0.060285,-0.008554,0.016333,0.052401,0.085986,-0.069781,-0.005648,0.108309,0.062221,0.089323,0.075382,0.016164,0.034325,0.046781,0.036733,-0.002576,0.146049,0.009045,0.078405,0.015826,0.057583,0.069729,0.03635,0.061307,0.114209,0.020377,0.005246,0.050934,0.085458,-0.010893,-0.038503,0.015407,0.012572,-0.009412,-0.000112,-0.009311,0.011531,-0.122949,-0.007849,0.003304,-0.001613,0.040494,-0.007707
2024-09-30,0.013472,0.016931,-0.281155,-0.003779,0.14561,0.352381,0.048981,-0.032362,0.186563,-0.01399,0.016801,0.004351,-0.01744,-0.071828,0.036232,-0.001242,-0.023644,-0.004297,-0.051498,0.247138,0.07005,-0.084802,-0.05795,0.03571,-0.016942,0.007987,0.054791,-0.027056,0.009675,-0.009304,-0.002239,0.104322,-0.052346,-0.040782,0.03917,0.003688,0.065777,-0.011378,0.042308,-0.175388,0.061124,0.045543,0.02323,-0.01609,-0.272114,0.024559,-0.019145,0.011519,0.038867,0.005662,0.039415,0.039291,-0.076007,0.001066,0.0323,-0.091309,-0.124041,-0.128702,-0.097062,-0.046466,0.000495,-0.094957,0.177087,-0.078548,-0.162103,-0.094021,0.00252,-0.081782,-0.190643,0.047037,-0.067729,0.133703,-0.005117,-0.053088,0.012624,0.087527,0.022838,0.007294,0.058888,-0.012787,-0.067316,-0.051966,-0.003144,0.058042,-0.047359,0.097948,-0.033826,0.056974,0.005711,0.0255,-0.008304,-0.015956,-0.008123,0.03331,0.147852,-0.01398,-0.159815,0.027832,0.028783,0.025249,0.030807,-0.039261,0.046764,0.022238,-0.072376,0.063509,-0.000538,0.102159,-0.03403,0.002552,0.081233,-0.022557,0.003856,0.040446,0.163452,-0.00816,-0.071356,0.025066,0.120141,-0.059484,0.074912,-0.002839,0.031256,0.072981,0.020931,-0.028966,-0.057295,0.252008,-0.108638,-0.055903,0.047619,0.022157,-0.056797,-0.009178,0.011535,-0.023655,0.014699,0.06713,-0.008617,0.03118,-0.147436,0.026284,-0.009974,-0.023789,0.066468,0.044903,0.033347,0.015707,-0.033799,-0.055403,0.102242,-0.022205,0.117006,0.030576,0.042244,-0.005818,-0.036022,-0.034294,0.107264,0.008064,0.063362,0.030002,-0.028268,-0.008005,0.042627,0.035235,0.038588,0.01716,-0.003735,0.042031,0.031922,-0.006662,-0.033689,0.146348,0.142141,0.079363,0.053843,0.018405,0.092136,0.034023,0.039174,-0.005711,0.036906,0.020346,0.011579,0.074869,0.014301,0.032336,0.0061,0.03383,0.028938,0.079489,0.03165,0.064508,-0.075577,0.022967,0.054061,0.002847,-0.020062,0.054665
2024-10-31,0.005434,-0.047833,0.127273,0.069336,0.136449,-0.1,0.096306,0.063925,-0.036782,0.27957,0.068606,-0.098917,0.129003,-0.007286,0.032967,0.028999,-0.115385,-0.049116,-0.008968,0.00146,0.342088,-0.064616,-0.122675,-0.164364,-0.051168,-0.073654,-0.061603,0.036166,-0.06011,-0.255438,0.130279,-0.170089,0.025172,-0.037023,-0.116399,0.069816,-0.053025,0.0519,-0.099375,-0.040816,0.16321,0.200031,-0.028325,-0.038973,-0.034669,-0.094792,-0.04975,-0.064952,0.186304,-0.030928,-0.037282,-0.01682,-0.059501,-0.207668,-0.023732,-0.078514,0.054978,0.054431,-0.028804,0.035217,-0.01087,-0.066983,0.044827,-0.018898,0.002615,-0.309596,-0.006368,-0.164267,-0.163254,0.038634,0.104536,-0.010173,-0.013834,0.032155,0.093343,-0.012591,0.090551,0.043975,-0.037923,0.015679,0.052189,-0.080461,0.015389,0.045253,0.055237,-0.177037,0.149488,0.129664,0.006388,-0.026581,0.02762,0.027956,0.070566,-0.036626,-0.005242,-0.097769,-0.041687,-0.180278,0.041539,-0.101053,0.00082,0.018029,-0.062689,-0.00172,-0.051365,-0.114705,-0.044231,-0.063056,0.022885,-0.046322,0.092404,-0.100151,0.003292,0.018379,0.117436,0.036472,0.020257,0.116122,-0.115525,-0.072063,0.020233,-0.015304,0.036405,-0.160215,-0.062648,-0.064227,0.04009,0.059721,-0.310165,0.132639,0.022173,0.065486,-0.174348,-0.001841,0.016516,-0.101324,-0.11695,0.054056,-0.052153,0.087325,-0.115852,-0.071773,0.01521,-0.048513,0.038738,0.046344,-0.122097,-0.002209,-0.048778,-0.000747,-0.061277,0.016445,-0.007613,-0.059087,-0.01205,-0.049261,-0.091454,-0.038624,-0.079658,-0.014476,-0.035251,-0.073728,-0.027596,-0.044947,0.058652,-0.011003,-0.102776,-0.023091,-0.147486,-0.001772,-0.0927,-0.062343,-0.04319,0.051015,0.02522,-0.072036,-0.029522,-0.023701,0.042451,0.050506,-0.069257,-0.042926,-0.0149,-0.044364,0.003783,-0.074967,-0.006914,0.027034,-0.010438,-0.031577,-0.027754,-0.042327,-0.050973,-0.065711,0.004606,-0.009965,-0.035274,-0.032774,-0.041682,-0.010498
2024-11-29,-0.028295,-0.091312,0.021514,0.032555,-0.028783,0.14867,0.069379,-0.020335,0.013297,0.148908,0.160336,0.345353,0.028525,0.02126,0.219213,0.058418,0.2657,0.271882,0.122619,-0.014437,0.287801,0.160127,0.021721,0.033961,0.167549,0.066485,0.355494,0.014347,-0.007534,-0.02059,0.11164,0.088889,0.008248,0.081779,0.05447,-0.066732,0.139343,0.065442,-0.048031,-0.054189,0.202834,-0.001164,0.109822,-0.009646,0.230594,0.080164,0.11999,0.137028,0.111985,0.154746,0.092941,0.070507,0.158892,-0.00672,0.190143,0.114315,0.076721,0.156504,0.032882,0.102609,0.290717,0.041058,0.190714,0.228689,0.095176,0.216981,0.158037,0.232643,-0.139004,0.346886,0.038323,-0.089652,0.11566,0.202492,0.094461,0.082929,-0.032749,0.097062,0.129658,0.143853,0.18,0.187985,0.124579,0.123549,0.176545,0.093047,0.110067,-0.103701,0.155279,0.128422,0.142172,0.164128,-0.049303,0.097109,0.152248,0.121174,-0.069289,0.023671,0.191085,0.060461,-0.187272,-0.023613,0.257073,0.053112,0.118574,0.229202,0.130785,-0.039653,0.149424,-0.097345,0.066514,0.229633,0.16001,0.159195,0.164692,-0.149593,0.115806,-0.1816,0.039179,0.082008,0.016916,-0.062606,0.095225,-0.008123,0.102388,0.050465,0.191638,0.097892,-0.031013,0.208908,0.078091,0.302579,0.054766,0.009224,0.070019,0.065376,0.220715,0.140874,0.292976,0.195493,-0.048898,0.288158,0.098598,-0.019149,-0.138887,0.060576,-0.022942,0.058302,0.016363,-0.011211,-0.003521,-0.040832,0.082183,0.034223,0.115253,0.078826,0.138939,-0.002036,0.197936,0.111906,0.020608,0.099549,-0.072179,0.064756,-0.088154,0.037725,0.035953,0.11577,-0.018886,0.095189,0.012431,0.018289,-0.009882,0.039604,0.143894,0.07605,0.020493,0.074016,-0.018391,0.036239,0.006264,0.113149,0.099275,0.27018,0.154141,0.039112,0.075775,0.034467,0.01097,0.093778,0.123992,0.103519,0.146101,0.033296,0.03307,0.040358,0.099841,0.044936,-0.009471,0.157364
2024-12-31,-0.04073,-0.000916,-0.153989,-0.018569,-0.088061,-0.276567,-0.085725,-0.073979,-0.019007,-0.000913,-0.102549,-0.051817,-0.011661,-0.051797,-0.033845,-0.155702,-0.16285,-0.076636,-0.084064,-0.087095,0.000151,-0.026319,-0.024776,-0.1419,-0.025567,-0.03591,0.126206,-0.057571,-0.102889,0.037216,0.030348,-0.111487,-0.059882,0.058067,-0.191325,-0.067823,-0.069711,-0.120519,0.00726,-0.074165,-0.177434,-0.134775,-0.066377,-0.093507,-0.030652,0.027078,0.103109,-0.039411,0.0544,-0.032277,-0.13606,-0.063519,-0.023899,-0.058187,0.008953,-0.156875,-0.142288,-0.06249,-0.084248,-0.157174,-0.028494,-0.068063,-0.095015,-0.130087,-0.007212,-0.031525,-0.148402,-0.028872,0.057811,0.170199,-0.075368,-0.122013,-0.064856,-0.056924,-0.078825,-0.021175,-0.01397,-0.103485,-0.107574,-0.093597,-0.10959,-0.085182,-0.104484,-0.139222,-0.09102,-0.070709,-0.127346,-0.126213,-0.062933,-0.083946,-0.108865,-0.033875,-0.035298,-0.101882,-0.021403,-0.043842,-0.021551,0.012435,-0.055052,-0.074407,0.002128,-0.042322,-0.145793,-0.069105,0.124387,-0.107351,-0.056797,-0.053611,-0.078801,-0.144527,-0.089058,-0.175244,-0.070955,-0.05396,-0.199181,-0.040231,-0.16319,-0.131462,-0.039192,-0.075846,-0.076376,-0.078502,-0.086774,-0.084306,-0.163702,-0.046257,-0.052658,0.230989,0.012744,-0.085625,0.016097,-0.011431,0.098352,-0.037981,0.086045,0.122639,-0.027704,-0.048175,-0.041407,-0.018637,-0.046625,-0.087109,-0.12052,-0.0851,-0.100362,-0.083945,-0.107087,-0.110839,-0.005173,-0.063692,-0.12055,-0.24498,-0.200486,-0.082174,-0.228669,-0.092329,-0.144785,-0.058404,-0.123942,-0.092257,-0.167032,-0.198252,-0.08455,-0.094308,-0.082044,-0.07935,-0.135392,-0.074161,-0.071245,-0.100274,-0.071169,-0.055133,-0.077367,-0.007008,-0.06082,-0.073945,-0.121781,-0.084512,-0.075281,-0.034657,-0.017692,-0.084174,-0.061647,-0.058093,-0.077572,-0.105484,-0.095317,-0.170301,-0.079318,-0.086624,-0.08715,-0.111838,-0.062743,-0.019872,-0.084325,-0.08897,-0.074286,-0.053243,-0.114475,-0.098965
2025-01-31,0.045845,0.097792,0.05307,-0.025744,0.048282,-0.06968,0.009785,-0.030069,-0.009304,0.036353,-0.075855,0.080402,0.001275,0.012807,0.072797,-0.063601,-0.051672,-0.008281,0.002312,0.008008,0.375539,0.047456,-0.006441,0.02661,0.025092,0.038192,0.00984,-0.074584,0.046745,-0.068109,0.041969,0.004012,-0.093882,-0.092451,0.012482,0.051325,-0.044836,0.025336,-0.054186,-0.051632,0.246085,-0.09768,-0.00234,-0.065558,-0.204221,-0.013019,0.092052,0.072314,0.062615,0.079941,-0.01453,-0.025413,-0.059536,0.053161,0.029461,0.102072,-0.015865,0.030928,-0.010274,0.013687,0.128566,-0.11996,-0.253341,-0.047163,-0.023002,0.011206,0.023132,-0.034595,0.007311,0.018661,-0.013429,-0.133238,0.070181,0.098572,0.046412,-0.012222,0.016331,0.069081,0.051831,0.061712,0.072059,-0.049857,0.037295,0.134658,0.065413,0.048882,-0.010952,-0.023934,-0.109992,-0.100406,0.152001,0.121025,0.098536,0.156069,0.066304,0.154717,-0.087529,-0.008018,0.150808,0.060778,0.034093,0.042929,-0.062572,0.125724,0.016894,-0.115651,0.073196,0.059225,-0.016904,0.045934,0.137815,0.020616,0.016257,0.088665,0.053497,-0.076305,0.224361,0.002331,0.086752,0.039576,0.117137,0.124702,-0.010511,-0.008332,0.031664,-0.006274,0.067824,0.131274,0.186615,0.165721,0.192079,-0.053163,-0.089773,-0.012615,0.07024,0.091531,-0.051921,-0.094389,0.086135,0.162284,0.008636,-0.005777,0.055331,-0.020357,-0.028151,-0.011236,-0.003314,0.014943,-0.057405,0.134663,0.091218,0.089362,0.040444,0.059641,-0.027102,-0.01865,0.02144,-0.024769,0.129599,0.05706,-0.053006,0.049926,-0.111531,0.009941,-0.020333,0.03367,-0.014883,-0.054041,0.051733,0.004792,-0.021441,0.065031,0.014293,0.02902,0.043173,0.026215,0.001532,-0.072276,-0.035219,0.006827,0.047497,-0.031754,0.034227,0.088558,0.006039,-0.002692,0.056145,-0.052717,-0.056855,0.003589,0.027867,0.020072,0.046145,0.008418,0.043337,-0.041431,0.007417,-0.000273,-0.000883,-0.043742
2025-02-28,-0.114365,-0.111765,0.018106,-0.073589,-0.092117,-0.044534,-0.407482,0.117548,0.097739,0.021216,-0.105484,-0.08314,0.044267,0.041806,-0.178827,-0.025653,0.040064,-0.238078,-0.065925,0.03128,-0.094191,-0.031177,-0.001063,-0.038512,-0.060656,-0.067747,0.049982,-0.041107,-0.014464,-0.024493,0.031518,-0.034665,-0.061728,-0.065424,-0.069346,0.142704,0.127995,0.168672,-0.013519,0.028423,-0.062776,-0.134635,-0.042729,0.033273,-0.296867,-0.010529,0.161901,-0.014892,-0.16228,-0.330853,-0.052794,0.132867,-0.032886,-0.223738,0.00216,-0.258274,-0.138304,-0.092175,0.032526,-0.005803,-0.027967,0.006316,0.055515,-0.111066,0.02974,-0.027968,-0.12008,-0.087346,-0.172201,-0.03125,-0.153052,-0.236608,0.052761,-0.004193,-0.04606,-0.024476,-0.09088,0.003141,-0.006489,-0.0405,-0.026197,-0.022433,-0.008212,-0.042801,-0.014333,-0.145685,-0.01671,-0.122749,0.039413,0.027516,-0.054735,-0.133736,-0.265241,-0.097875,-0.021948,-0.041815,0.040439,-0.187962,-0.005977,0.070019,0.014161,0.049637,-0.152742,-0.062821,0.050375,-0.051412,-0.133736,-0.109698,0.103947,-0.077415,-0.105623,-0.019324,0.036791,-0.121047,-0.147195,-0.205364,-0.116984,-0.173975,-0.133749,-0.036748,-0.068566,0.013396,-0.051119,-0.012184,-0.045167,-0.003139,0.013305,-0.013242,-0.124006,-0.092989,-0.071429,0.167559,-0.168539,-0.02168,-0.191913,0.034737,-0.082981,-0.062028,-0.188297,-0.275002,0.037535,-0.057026,0.070953,-0.033543,-0.087643,0.014251,-0.01724,0.011623,0.144753,-0.142345,-0.018063,0.058594,-0.118914,-0.075871,-0.086157,0.08796,-0.094267,0.014996,-0.145509,-0.012904,-0.000405,-0.00303,-0.035704,-0.027342,-0.023774,0.020453,-0.010072,0.072909,0.016232,-0.056753,0.077685,0.069114,0.056337,-0.028202,-0.131857,0.019315,0.01339,-0.009503,0.012221,-0.006551,0.157523,0.134826,0.095903,0.111617,0.080889,0.080601,0.013056,0.088699,0.089694,0.053657,0.008968,0.073797,0.083146,0.03747,0.041694,0.033888,0.038282,0.105496,0.011373,0.02655
2025-03-31,0.031399,-0.016083,-0.067797,-0.044038,-0.150244,-0.169492,-0.221843,0.059533,-0.129932,0.074358,-0.024915,-0.276474,0.054437,-0.008918,-0.095061,0.117352,-0.067797,-0.084754,0.001215,-0.065159,-0.095735,-0.060865,-0.053646,-0.028999,-0.088457,-0.078336,-0.099502,-0.0627,0.014434,0.066586,-0.160674,-0.167236,-0.041941,0.020281,-0.015931,-0.087793,-0.006853,0.002206,0.044245,0.386532,0.028571,0.027569,0.03522,-0.003495,-0.106192,-0.017228,-0.129754,-0.175026,0.005642,-0.222928,0.042932,-0.079984,0.038821,-0.038664,0.078291,-0.109192,-0.084378,-0.023882,0.025605,0.079026,-0.032448,0.072102,0.089273,-0.012675,-0.001216,0.053203,-0.125548,-0.060767,-0.073433,0.131257,-0.014711,-0.017404,0.026417,-0.102173,-0.065285,-0.015377,-0.016506,-0.018862,-0.116084,-0.062371,-0.039087,0.127035,-0.044145,-0.084784,-0.090436,-0.000509,-0.094595,0.122205,0.055723,0.0638,-0.09498,-0.088645,-0.08146,-0.050991,-0.035479,-0.201055,-0.090991,-0.11509,-0.19488,0.024168,0.04029,-0.033449,-0.10366,0.035966,-0.152551,-0.029771,-0.042127,-0.051049,0.014395,-0.024598,-0.113688,-0.115826,-0.125616,-0.108935,-0.146566,0.002055,-0.080352,-0.013954,-0.070304,-0.088278,-0.045375,-0.112716,-0.073163,-0.016847,-0.0308,-0.10391,-0.070518,-0.319037,-0.003852,-0.073537,0.000894,-0.03225,-0.15045,-0.041969,0.028099,-0.197648,0.025175,-0.036037,-0.180945,-0.114508,-0.043662,-0.042066,-0.075047,-0.115943,0.136451,-0.037928,-0.104938,-0.131387,-0.001191,0.13957,-0.091209,-0.241697,-0.017769,0.072478,-0.008725,-0.046141,-0.10683,-0.012129,-0.077155,-0.054928,-0.033256,-0.125357,-0.025156,-0.022886,0.117683,0.0494,0.034642,-0.050429,-0.042068,-0.063602,0.004711,-0.046754,0.007401,-0.120124,-0.039351,0.006664,0.062857,-0.024422,0.051776,-0.027366,-0.002979,-0.018663,-0.006914,-0.020822,-0.014333,0.097177,-0.043305,0.015029,0.006373,-0.008663,0.023742,0.005855,0.028719,0.047073,0.008027,0.027959,0.016997,0.047536,0.066226,0.012857
2025-04-30,0.05342,-0.043585,-0.050111,-0.011041,-0.086108,-0.096939,-0.01992,-0.164937,-0.116765,-0.032266,0.201688,0.042068,-0.007086,-0.003749,-0.040165,-0.012099,-0.077686,-0.21421,0.061216,-0.038204,-0.09896,-0.170046,-0.027998,-0.068576,0.072624,-0.078423,0.007252,-0.186009,0.099435,-0.09209,-0.057563,-0.112216,-0.05982,-0.130109,-0.038657,-0.182192,-0.054871,0.130021,-0.060036,-0.018529,0.120283,-0.009193,-0.01183,-0.07754,-0.014652,0.155265,0.046089,-0.041012,0.065187,-0.115787,0.068849,-0.069828,-0.084561,-0.076782,-0.150263,-0.100052,-0.232185,-0.226072,-0.237188,-0.187253,-0.103277,-0.277112,-0.065121,-0.186153,-0.313868,-0.027835,-0.172158,-0.136032,-0.143837,-0.10177,-0.276799,-0.089299,-0.041305,-0.028315,0.003591,-0.049314,-0.014283,-0.078937,-0.092672,-0.04862,-0.023943,-0.10571,-0.105425,-0.032621,-0.037029,-0.169724,-0.070377,0.02422,-0.078675,-0.047083,-0.008332,-0.019536,0.002135,-0.051394,-0.039298,0.084486,0.017899,-0.040249,-0.029988,-0.054947,0.069057,-0.085919,0.0535,-0.106518,-0.121011,-0.00834,0.070333,-0.016347,-0.055136,0.044547,-0.074269,0.041699,-0.042695,-0.073915,-0.30172,0.066325,-0.109694,0.147638,0.099842,-0.061443,-0.083613,-0.106025,0.066788,0.043544,-0.045936,0.073147,-0.05996,-0.100569,-0.01022,-0.057744,-0.054513,-0.024749,-0.005302,-0.022874,0.068888,-0.096029,-0.060846,-0.044486,-0.070659,0.325083,-0.036323,-0.001747,0.059394,-0.070462,0.081569,0.062333,-0.075977,-0.097302,0.086239,0.125509,-0.126092,0.002433,0.020096,0.26226,0.002096,-0.056928,0.017279,-0.132092,-0.061644,0.010368,-0.055328,-0.103606,-0.082645,-0.025039,0.024143,0.008781,-0.036027,-0.051469,-0.154534,-0.038167,-0.022405,-0.118236,-0.082082,-0.046229,-0.146185,-0.014399,-0.122669,-0.018619,0.021752,-0.056207,-0.053671,-0.084786,-0.003006,-0.008467,0.01609,-0.030724,0.00571,0.025858,-0.055605,0.004122,-0.002446,0.038629,-0.021853,0.006221,-0.012318,0.030885,0.025228,-0.009553,0.045192,-0.027324
2025-05-30,0.097196,0.00944,0.024879,-0.013917,0.036432,0.107345,0.402573,0.15084,0.052632,-0.083489,0.131784,0.375946,-0.097437,0.018816,0.120887,-0.103575,-0.200717,0.098544,-0.143017,0.130272,0.285406,-0.003247,0.05446,-0.053973,0.018722,0.272999,0.324365,0.055967,-0.056651,0.057872,-0.029543,0.003499,-0.009642,0.150646,-0.066481,0.191945,-0.068486,-0.099304,-0.073654,0.083524,0.010877,0.063792,0.047432,-0.066374,0.818167,0.063947,0.119537,0.247436,0.027418,0.090019,0.018694,0.028382,0.074493,-0.023762,0.121132,0.122349,0.027643,0.095797,0.033592,0.054441,0.0667,0.034385,0.09684,0.074366,-0.021277,0.240191,0.080654,0.503405,0.097264,0.275315,-0.181797,0.071927,0.005319,0.013113,0.077739,0.062758,0.062667,0.03651,0.043693,0.025773,0.037372,0.084779,0.019336,0.02093,0.124723,0.019636,0.017419,-0.020032,0.040826,0.013507,0.04061,-0.175421,-0.070264,0.077266,0.288319,-0.144358,0.091176,-0.083874,0.173705,-0.010607,-0.275829,-0.044386,0.097556,0.006141,0.477397,0.074421,-0.059774,-0.012666,0.05466,-0.029538,0.066828,0.133731,0.074211,0.103471,0.083648,0.122289,0.190277,-0.114731,0.372247,0.109842,0.158224,0.071142,0.113533,-0.052313,0.148075,0.038729,0.090984,0.15044,0.060695,0.095921,-0.138941,0.080896,0.060768,0.064269,0.010858,0.184454,0.022516,0.072123,0.112039,0.065921,0.024157,0.10214,0.095853,0.04173,-0.045361,0.038728,-0.226446,0.047526,0.046741,0.188816,0.017792,-0.292476,-0.106807,0.010505,-0.047954,0.064835,-0.065531,0.123955,0.046653,0.066215,-0.04329,0.08466,-0.082243,-0.122086,-0.017424,-0.026414,0.051389,0.020072,0.064653,0.10415,0.015811,0.038882,0.080934,0.067744,0.103683,0.010258,-0.031071,0.021709,-0.003902,0.019245,0.131317,-0.043232,-0.020053,0.099725,0.014707,0.048739,0.00388,0.025495,0.006648,-0.02871,-0.062321,-0.039214,-0.016462,-0.049802,-0.021076,-0.021889,-0.071998,-0.059634,-0.061334,0.00389
2025-06-30,-0.019958,0.03173,0.059502,0.100374,0.053333,0.117347,-0.042941,0.014846,0.193512,0.036757,-0.106308,0.474328,0.032274,0.151687,0.067964,0.140849,0.008969,-0.066893,-0.046838,0.03457,0.044604,0.042662,0.059679,0.042044,-0.022412,-0.093767,0.037768,0.057924,-0.029997,-0.007059,-0.014024,0.059562,0.019472,-0.005037,0.059891,0.041183,-0.094424,-0.085028,-0.105723,0.224657,-0.047553,-0.070455,-0.025158,-0.099589,0.106232,-0.027227,0.00047,-0.030563,0.03857,-0.152196,-0.043997,0.03798,-0.024404,-0.056795,0.071541,0.137533,0.055081,0.10951,0.060226,0.045582,-0.002811,0.075012,0.043371,0.086523,0.090073,0.147926,0.069733,0.10026,0.161672,0.187554,-0.005901,0.019757,0.02488,0.02995,0.03372,-0.02396,0.118011,0.011345,0.076923,0.016936,-0.008976,0.025234,0.033997,0.029784,0.099537,0.105018,0.038823,0.032023,-0.060492,-0.015564,0.061584,-0.002704,0.063412,0.043721,-0.033382,0.053443,0.179051,0.124083,0.041248,-0.152929,0.083377,0.105191,-0.010089,-0.016311,0.0,0.101905,0.03545,-0.020095,-0.067935,0.044561,0.147947,0.102505,0.080677,0.053151,0.036232,0.029193,0.144672,-0.014568,0.062935,-0.062131,0.052868,0.059279,0.027401,0.019593,0.025036,0.027981,-0.031886,-0.02847,0.116943,0.197307,0.105379,0.032081,0.152764,0.0683,-0.009009,0.2226,0.090496,0.030855,0.013353,0.103005,0.059984,0.03118,-0.048157,0.04127,-0.025359,0.138668,0.068985,0.06338,0.077231,0.015475,-0.037218,0.303602,0.000782,0.042209,0.008361,-0.044991,0.025055,-0.043478,-0.045298,-0.012575,0.004151,-0.098607,0.015552,-0.046917,0.075755,-0.026302,-0.00608,0.024794,0.021488,0.02782,0.034004,-0.017367,0.023179,0.015131,0.010625,-0.008841,-0.053102,0.02396,0.05492,0.069825,0.051539,-0.039279,-0.002024,0.020555,-0.029424,0.054992,0.03564,0.126867,-0.029334,-0.040534,-0.013433,-0.038791,-0.020102,-0.061084,-0.001166,-0.028021,-0.010445,-0.014541,-0.03746,-0.020815
2025-07-31,-0.070094,0.115957,-0.080539,-0.032783,0.085155,0.015982,0.207946,0.081874,-0.189261,0.097246,-0.109675,-0.04602,0.140066,-0.047253,-0.01942,-0.127729,0.273333,0.028081,-0.108948,0.16398,-0.126047,-0.157715,-0.007265,0.092236,-0.101207,0.161683,0.037772,0.059802,-0.01002,-0.015304,0.058983,0.008952,0.207759,-0.043722,0.005525,-0.137424,0.0131,0.053579,-0.091557,-0.022634,-0.079568,0.100675,-0.024329,0.054309,-0.026117,0.02342,0.07444,-0.081563,0.115527,0.005297,0.059667,0.028882,0.109153,0.043011,-0.097123,0.042916,0.124995,0.045264,0.012067,0.059609,-0.059203,0.102667,-0.100059,0.047297,-0.003372,-0.002607,-0.032251,0.056185,0.08411,-0.354174,0.069261,0.203428,-0.059053,-0.010778,0.059516,-0.099222,0.066575,-0.029379,-0.005386,-0.051538,-0.015602,-0.089295,0.039947,0.038074,0.01386,0.15515,0.024806,-0.079878,-0.086264,-0.100173,0.0566,-0.108268,0.002611,-0.073922,-0.082055,-0.058772,0.087826,-0.067233,-0.074074,-0.153266,-0.130344,-0.033375,-0.038306,-0.092212,0.104775,-0.00764,-0.11759,-0.028301,-0.073889,-0.000958,0.044218,0.087727,0.117673,0.070487,0.103106,0.021691,0.114409,0.030731,0.099922,0.050509,0.143563,0.048794,0.001221,0.084817,-0.159598,0.06172,-0.005666,0.070331,-0.015428,0.154795,-0.001986,0.154573,-0.174368,-0.002637,-0.05,-0.105795,0.161108,-0.057719,-0.108076,0.085213,-0.034049,-0.068594,0.0896,-0.045839,-0.006876,-0.053863,0.044383,0.041943,-0.005587,-0.012884,-0.027458,0.384211,0.109742,0.139769,0.1211,-0.042274,0.326698,0.034665,0.051402,-0.141196,-0.0376,-0.022903,0.025457,0.061225,0.039216,-0.015156,-0.07313,0.014683,0.026989,-0.036587,-0.03065,0.012259,-0.050378,0.004707,0.032756,-0.0445,0.050947,-0.017778,-0.022234,-0.087747,-0.050328,-0.052007,0.033213,-0.00659,0.085578,0.019687,0.05041,0.067454,0.01206,0.029947,0.024319,0.011689,0.020277,0.046784,0.001167,-0.040047,-0.002828,-0.017128,-0.00022,-0.039575
2025-08-29,0.153209,0.089583,0.133682,-0.021079,-0.242842,0.116854,-0.371435,0.102807,0.01758,0.026895,-0.036844,0.127771,0.058415,0.009425,0.054235,0.051296,-0.015707,0.227828,0.040134,0.165186,-0.010279,0.083731,0.166614,0.158763,0.131039,-0.090269,-0.108927,-0.030923,-0.073427,-0.125639,0.007093,0.068894,0.060182,0.090111,0.153698,0.075838,0.03633,-0.018928,0.047645,0.386855,-0.072588,0.014638,-0.015205,0.000313,0.031438,0.003393,-0.079055,-0.046932,0.0637,-0.182963,-0.082279,0.027228,-0.066376,-0.117526,-0.066721,0.223427,0.034795,0.016283,0.056439,0.051207,0.069781,0.016396,-0.036622,0.124424,-0.01692,0.138536,-0.005184,0.2542,0.203759,-0.09737,0.30651,0.081828,0.105059,0.08432,0.045054,-0.070697,0.071285,0.01796,0.159792,0.037676,0.012091,0.038419,0.103332,0.128371,0.090504,0.009842,0.121378,-0.101748,0.028803,0.008234,0.0643,0.164165,0.231163,0.028529,0.178502,0.044845,-0.007911,-0.115795,-0.079072,0.112253,-0.228824,0.222506,0.311164,0.066934,0.090642,-0.263371,-0.005898,-0.005841,-0.079919,0.256195,0.048563,0.025879,0.060564,-0.04247,-0.019124,-0.00691,0.105497,0.017966,-0.060786,0.091717,-0.080508,0.019636,0.10777,0.007063,0.01983,-0.037876,0.102299,0.185423,0.084928,-0.002164,0.122388,0.052324,0.027455,0.03079,0.069562,0.01958,0.0374,0.074588,0.118255,-0.076648,0.13385,0.020591,-0.017373,-0.053731,0.055795,-0.012847,0.114533,0.089831,0.203726,-0.07248,-0.031263,0.021863,0.029471,0.014142,0.191554,0.063094,0.053578,0.060608,0.054928,0.008382,0.136206,0.184669,0.097066,-0.004025,0.082076,0.018092,0.051658,0.071183,0.133589,0.039238,0.03999,0.079639,0.077038,-0.010151,0.101137,0.027222,0.127414,0.038216,0.077419,0.088192,-0.008975,0.079905,-0.016733,-0.042565,0.005004,-0.086423,0.030306,0.029068,0.04037,0.046615,0.030059,0.061674,0.028602,0.070949,0.095239,0.019589,0.030864,-0.007191,0.038771,0.00804
2025-09-30,-0.040775,-0.054097,-0.015228,0.147392,0.079832,0.231388,-0.103366,-0.033198,-0.292548,-0.020203,0.086047,-0.160694,-0.070964,-0.075367,0.076012,-0.002711,-0.001773,-0.002879,0.031235,0.011992,-0.187845,-0.268623,-0.078917,-0.028412,-0.028169,0.252405,0.064848,-0.064784,0.012709,-0.041858,-0.073045,-0.100342,0.010354,-0.086874,-0.062482,-0.080328,-0.095263,-0.083915,-0.042864,-0.085719,-0.225843,0.00956,-0.057357,-0.010961,0.05984,0.129871,-0.07618,-0.13761,-0.186268,-0.012719,-0.121998,-0.048825,-0.103761,-0.056075,0.101154,0.104319,-0.125394,-0.107824,0.00264,-0.040595,0.062601,0.1428,0.1,0.015574,-0.095986,0.196458,-0.059118,0.164562,-0.11412,0.229386,0.057444,0.524138,0.070099,-0.035237,0.033577,-0.232589,0.060537,0.03063,-0.031602,-0.031938,-0.030872,-0.070368,0.000269,0.023821,-0.087294,-0.080654,-0.009766,-0.052165,-0.037059,0.036303,-0.028397,-0.065285,-0.058715,-0.046134,-0.09165,0.092789,0.53424,-0.042389,0.060898,-0.022295,-0.065756,0.047071,0.062012,-0.080738,-0.178915,-0.106344,-0.042088,-0.060316,-0.082892,-0.036605,0.05489,-0.001764,0.005973,-0.0058,0.009782,-0.083471,-0.069384,-0.080666,0.155622,-0.059956,-0.010352,-0.026544,0.044679,0.029738,-0.141461,0.008617,0.042305,-0.207072,0.00419,0.412498,0.125,0.270583,0.247688,-0.035658,0.039573,-0.023967,-0.006201,0.056054,-0.144988,0.06069,0.097206,-0.025624,0.011412,-0.139679,-0.155735,0.013177,-0.122523,-0.018331,0.004811,0.045411,-0.092423,0.134884,0.010351,-0.172836,0.04089,-0.074218,0.090343,-0.088042,-0.065924,-0.079409,-0.067558,-0.11261,-0.14675,-0.116549,0.017781,-0.019813,-0.006354,-0.011075,0.003139,-0.081724,-0.007924,-0.012959,-0.038922,0.065737,-0.001701,-0.040086,0.020568,-0.022787,-0.024594,-0.01865,0.074829,-0.085466,0.03605,-0.029367,0.056355,-0.037938,-0.019279,0.047448,0.04101,0.029761,0.028596,0.058039,0.07529,0.031036,-0.02405,-0.016235,0.0959,0.034757,-0.022161,-0.011392
2025-10-31,-0.003885,-0.079339,-0.068299,-0.055551,0.011673,0.679739,0.025913,-0.010165,0.096793,-0.010703,-0.036046,-0.179063,-0.017796,-0.020918,-0.056675,-0.080509,-0.156306,-0.110236,-0.077422,-0.072347,-0.142248,-0.065968,0.040155,-0.118523,0.076688,-0.066124,-0.095478,0.022575,-0.016413,-0.022262,-0.080976,-0.152239,-0.167627,0.006153,-0.067237,0.092097,-0.033812,-0.064342,-0.041874,0.04766,-0.274265,0.069206,-0.048479,-0.03414,-0.07805,-0.051572,0.011486,-0.09382,-0.052217,-0.107059,-0.071777,-0.092598,-0.060643,-0.017327,-0.055526,0.132582,-0.155646,-0.121745,0.101886,-0.05907,-0.039529,-0.003872,0.047945,-0.060129,0.210424,-0.024397,0.119078,0.170127,-0.051378,-0.054463,0.188773,0.033937,-0.070874,-0.069248,-0.1278,-0.068728,-0.001971,-0.063835,-0.108049,-0.007988,-0.119311,-0.060645,-0.061558,0.025472,0.048353,-0.073954,-0.15492,-0.081435,-0.095983,-0.07068,-0.109524,0.054479,0.139663,-0.047763,0.013863,0.115134,0.135738,0.198522,-0.002005,-0.036718,0.124781,0.080919,-0.002887,0.051784,0.06373,0.026057,-0.375109,0.001084,-0.028846,0.009733,0.060489,0.198683,-0.102895,0.284343,-0.022916,-0.041941,-0.049422,-0.127964,-0.013607,-0.014402,-0.036518,0.044294,0.031795,-0.096198,0.240024,-0.087406,-0.102689,-0.161712,0.042161,-0.013052,0.394799,0.050618,0.508786,-0.073259,-0.040053,-0.000381,-0.077015,-0.033105,0.084555,0.107534,0.058744,-0.068541,-0.262528,0.268198,-0.053405,-0.194525,-0.10706,0.061581,-0.07282,-0.208477,-0.055987,0.018852,-0.088912,0.004688,0.065996,0.022191,-0.051155,-0.058482,-0.019473,-0.102069,-0.112689,-0.026707,0.020664,-0.182933,-0.000865,0.031439,-0.061535,-0.044855,0.005108,-0.029914,-0.035394,0.074024,0.087943,-0.063903,-0.057693,0.004032,-0.118395,0.004993,-0.043992,-0.093959,-0.149852,-0.028066,-0.037122,0.005111,-0.023685,0.130266,0.014807,0.105143,0.038182,0.029875,-0.079958,-0.009266,0.059863,0.018086,-0.057948,-0.027414,-0.055015,0.006347,-0.032905,-0.015562
2025-11-28,0.131777,0.029994,-0.00755,0.063622,-0.015385,-0.211089,-0.213206,-0.008881,-0.143603,0.037352,0.017027,-0.178412,0.001221,-0.022593,0.004556,-0.013833,0.128421,-0.031858,0.076879,0.083679,0.415332,-0.077547,0.025896,0.019887,0.184683,-0.125484,0.146417,0.099698,-0.153197,0.040274,-0.003132,0.018246,-0.026439,-0.054743,0.081705,0.149075,0.063815,-0.001575,0.038395,-0.320272,0.061424,-0.043253,-0.068192,0.011616,-0.376371,0.070993,0.039322,-0.08839,-0.051025,0.161553,-0.006128,0.064736,0.113792,-0.163728,0.11083,0.016543,-0.088081,0.084844,0.052055,0.037362,-0.020872,0.145437,0.153892,0.04766,-0.073365,-0.029784,-0.0283,0.030442,0.0678,0.432533,0.072161,-0.004107,0.168272,0.063632,-0.020549,0.04338,0.12977,-0.00586,0.059573,0.043907,0.024321,-0.036044,0.083093,0.041398,0.066585,0.017,0.035496,0.028447,0.082369,0.048413,0.022894,0.507534,0.016617,0.179905,0.045302,0.147323,0.113459,0.253467,0.112074,0.019698,0.020454,0.157116,0.089485,-0.010852,0.103084,0.626675,0.117857,0.236073,-0.017327,0.08804,0.003753,-0.039528,0.029011,0.045421,-0.037402,0.086304,0.043936,-0.036156,0.256228,-0.066774,0.029958,0.041244,-0.232378,-0.000151,0.097024,0.030622,0.019636,0.027079,-0.095133,-0.070692,0.013559,-0.011631,0.001274,-0.019402,0.030345,-0.026701,-0.102779,0.021801,0.143451,-0.139513,-0.092801,0.142707,-0.112915,-0.10511,-0.080034,-0.012858,-0.020502,-0.02994,-0.005691,-0.107833,0.043011,0.049075,0.053693,0.038508,0.155176,0.018385,0.067199,0.053159,-0.055059,0.026411,-0.066176,-0.046149,0.081799,0.011883,0.083117,0.033875,-0.01168,-0.000765,0.007018,0.098032,0.021997,0.035456,0.029632,-0.02952,0.012245,0.059572,0.006344,0.045167,0.112737,-0.005785,0.072348,0.076585,0.037154,0.183069,0.028376,0.146884,0.052682,0.062658,0.112522,0.174683,0.085327,0.052871,0.026158,0.157868,0.071106,0.041489,0.092552,0.100603,0.02893,-0.000603
2025-12-31,0.076279,-0.030621,-0.059266,0.134281,0.050781,-0.041924,-0.040445,0.056782,0.068312,0.019188,-0.151205,0.104833,0.090281,-0.008794,0.087018,-0.147838,-0.087687,0.070993,0.047913,-0.06489,-0.066779,-0.000517,0.075208,-0.056946,-0.054303,0.022501,0.016066,0.047041,0.044934,0.006354,0.037784,-0.042911,0.019273,-0.037253,-0.094034,-0.060606,0.014115,0.024974,-0.030252,0.117245,-0.049397,-0.290721,0.025293,-0.08563,-0.001707,-0.003493,0.016471,0.053817,-0.045007,0.065955,-0.063711,-0.009077,-0.058841,-0.072289,-0.104897,-0.213457,-0.007885,0.000943,0.022282,-0.054019,0.06031,-0.025569,-0.053296,-0.015164,0.066318,-0.263249,0.067789,-0.232997,-0.064976,-0.137007,0.027957,0.090308,-0.003358,0.033146,-0.00349,0.046597,0.072351,0.004042,0.031154,0.014177,0.024593,0.01616,0.051856,0.041412,0.088989,0.004179,0.049434,0.105925,0.037626,0.065046,0.0,-0.040971,-0.067321,0.013544,-0.131269,-0.041866,-0.043757,-0.033823,-0.129017,-0.025797,0.130457,0.00639,-0.138181,0.0179,0.066693,-0.014751,0.086589,-0.038871,0.035936,-0.048423,-0.017412,-0.069661,0.104959,-0.024738,0.159682,-0.032733,-0.019894,0.010784,-0.065361,0.13446,-0.015477,0.033665,-0.075633,0.01364,-0.029422,-0.007192,0.064319,0.173588,-0.016067,-0.038506,-0.006689,-0.110049,0.013813,0.0194,-0.069612,0.024455,0.019143,0.028332,0.095615,0.090378,-0.01529,-0.056443,0.015061,0.046894,0.167614,-0.062399,0.10672,-0.032894,-0.096288,-0.007313,0.041626,0.018405,-0.075147,-0.036311,0.126197,-0.012205,0.017432,0.034859,-0.015242,0.02358,0.059293,0.03024,0.117843,-0.062603,-0.027684,-0.038952,-0.031695,0.00306,-0.059273,0.003949,-0.041596,0.008241,-0.061026,-0.076154,0.073136,-0.053419,-0.012683,0.035869,-0.029216,0.0,-0.039737,0.029087,-0.067278,-0.044223,-0.039611,-0.080377,-0.036484,-0.02161,-0.045182,-0.059222,-0.030737,-0.077502,-0.057767,-0.056679,-0.01691,-0.017487,-0.097981,-0.068632,-0.044964,-0.047665
2026-01-30,0.058754,-0.029625,0.0175,0.096269,-0.141264,0.135135,-0.201001,0.045949,0.146145,0.100732,0.018933,-0.108441,0.082862,0.012167,-0.15515,0.019589,0.229039,0.08734,0.047061,-0.107039,0.098941,0.152692,0.021728,0.083074,0.099676,-0.044733,-0.058597,-0.135525,-0.094768,-0.018709,-0.03666,0.083265,-0.006302,0.002033,0.056383,0.052923,0.029135,0.112336,0.090422,0.147355,-0.109954,0.105584,0.07913,0.019082,0.117701,0.159289,0.009145,0.150183,0.058887,0.143936,0.068674,0.043486,0.052255,0.029221,0.073455,0.233776,0.041176,0.065976,0.174025,0.165372,0.137202,-0.03712,0.055208,0.252601,0.232407,-0.106132,0.230954,-0.005057,0.237181,0.050475,0.181311,0.187205,-0.092026,0.095025,-0.033699,-0.123471,0.086062,0.018114,0.060426,-0.001447,0.005732,0.01217,0.09691,0.066781,-0.029756,0.033024,0.150511,-0.066317,-0.086746,0.0049,0.043468,0.038598,-0.030661,-0.001323,-0.100021,-0.088429,0.045001,-0.05986,-0.06484,-0.001683,0.00556,0.085714,-0.017519,-0.079986,-0.059154,-0.168309,0.107484,0.050676,0.045064,0.049782,-0.141096,0.041737,-0.000575,0.126405,0.025573,0.122838,0.14479,0.048127,0.078396,0.162347,0.087136,0.107691,0.014687,0.104267,0.067889,0.10622,0.072583,0.010537,-0.075731,0.238764,0.372615,0.027606,0.263715,0.297629,-0.083453,0.089901,-0.183838,0.355986,0.018157,-0.268052,0.099916,-0.007524,-0.316369,0.130683,0.014257,0.066983,0.072762,0.164466,-0.023965,0.141553,0.08601,0.036145,-0.013886,0.006067,0.012816,0.109611,0.112291,0.099908,0.036899,0.068863,0.089167,0.157171,0.042441,-0.027224,0.032633,0.006441,0.056588,0.034007,0.046746,0.000845,0.066781,0.01327,0.020402,-0.042067,0.02546,0.023601,0.050346,-0.002215,-0.011087,-0.008708,0.092963,-0.044623,0.033191,0.0716,0.049226,0.086891,0.034991,0.130986,0.047093,0.051282,0.072853,0.029903,0.021645,0.051441,0.103329,0.006622,0.03142,0.071354,0.031618,0.018618
2026-02-27,0.088392,0.014446,0.092944,0.16967,-0.248196,-0.193878,-0.214639,0.191356,0.202309,-0.00842,0.192568,-0.058742,0.011206,0.094666,-0.052469,-0.006724,-0.198003,-0.29147,-0.073697,0.009083,-0.06036,-0.030759,0.120933,0.058202,0.002144,0.036254,-0.065632,-0.065372,-0.223828,0.08091,0.123781,0.047453,0.016949,0.020591,0.085024,-0.188607,0.019775,-0.004842,0.039978,0.021532,0.041743,0.049205,-0.005419,-0.036812,0.083069,0.092176,0.134976,0.0329,0.042859,0.211621,0.066608,-0.04214,0.158439,-0.208202,0.090621,0.072361,0.187982,0.144815,0.104087,0.097191,0.20216,0.113285,0.076804,0.179402,0.130146,0.062445,-0.039659,0.291427,0.270923,-0.194661,0.047519,-0.103497,0.09446,-0.054441,-0.027032,-0.143227,-0.022036,-0.031209,-0.094877,0.019707,-0.031345,-0.015027,-0.027886,0.012038,-0.144733,-0.030604,-0.102407,0.139551,0.066575,0.004446,-0.021026,0.052713,-0.051958,0.091547,-0.035964,-0.13818,-0.018386,-0.094378,-0.107155,-0.038891,0.119396,0.009503,-0.004137,-0.048218,-0.022682,-0.050105,-0.002072,0.004536,0.074919,0.12694,-0.024107,0.088911,0.163254,0.132693,0.210589,-0.046794,0.186124,-0.101658,0.152666,0.080437,0.206115,0.166787,0.016074,0.061369,0.103179,0.105963,0.012424,0.015149,0.061324,-0.124484,0.214636,0.12281,0.402752,0.055297,-0.019231,0.435802,-0.06383,-0.026087,-0.324065,0.000916,0.082707,-0.298939,-0.007235,-0.000818,-0.093357,-0.051776,0.328543,0.205842,-0.066757,0.012364,0.089296,-0.225291,0.098082,0.078821,-0.066983,0.066169,0.180281,0.187485,0.01559,0.113557,0.061015,0.1361,0.026462,-0.165188,0.087841,0.11789,0.09619,0.129899,-0.0755,0.042767,0.087593,0.088058,0.045588,-0.134881,0.081352,0.117918,-0.054969,0.108982,0.113669,-0.082409,0.100656,-0.007785,0.125,-0.067315,0.091359,0.059751,0.072153,-0.170002,0.073831,0.018992,0.096201,0.107851,0.08427,0.030946,-0.039152,0.028626,0.056652,-0.004722,0.016156,0.032746
2026-03-31,0.04938,-0.028165,0.051002,-0.030935,-0.117083,-0.022504,-0.047439,-0.279619,0.165277,-0.05835,0.013109,-0.127753,-0.05315,-0.023107,0.109121,0.22824,0.304979,0.549483,0.264191,-0.061374,-0.03664,-0.036831,-0.071663,-0.214018,-0.136947,-0.089286,-0.043051,-0.022843,0.050585,-0.084776,-0.001538,-0.264727,-0.066239,-0.038996,-0.173875,-0.142773,-0.111995,-0.125116,-0.183377,-0.338183,0.044132,-0.123055,-0.040865,-0.173655,-0.341554,-0.026646,-0.16725,-0.09068,-0.091379,-0.301835,-0.074278,-0.153131,-0.06175,-0.199203,0.097035,0.33764,0.35955,0.229183,-0.067084,0.134795,-0.015001,0.244344,-0.07731,-0.000845,0.287752,0.392798,-0.120498,0.190596,0.052002,0.074962,0.022998,0.044705,-0.062215,-0.037361,-0.119814,0.00083,-0.096283,-0.012536,-0.117903,-0.036487,-0.029926,-0.123207,0.018613,-0.017053,-0.027808,0.025806,-0.018026,-0.140729,-0.082368,-0.102927,-0.01439,-0.097423,0.001113,-0.105474,-0.149102,-0.084751,-0.074677,-0.098124,0.092561,-0.078705,0.012548,-0.099928,-0.199398,-0.106893,-0.093648,-0.109918,0.015228,-0.142316,-0.144733,-0.19882,-0.070858,-0.118974,-0.076052,-0.167051,-0.133476,-0.159598,-0.134161,-0.010148,-0.193324,-0.050814,-0.151136,-0.072061,-0.134313,-0.154615,0.023729,-0.160995,-0.069587,-0.287209,-0.066345,-0.136765,0.120162,-0.176057,-0.019114,-0.05893,-0.090836,0.017699,-0.112174,0.043321,-0.039716,-0.026755,0.024802,-0.049962,-0.084509,-0.121401,0.028832,-0.045982,0.114089,-0.02485,0.029146,-0.076328,0.022899,-0.207317,-0.152349,-0.148626,0.119053,-0.065866,-0.112903,-0.042146,-0.141492,-0.188477,-0.010901,-0.10901,-0.108242,-0.178037,-0.088031,-0.060085,-0.10914,-0.048563,-0.114695,-0.053158,-0.072595,-0.075711,-0.070579,-0.05765,-0.068236,-0.096376,-0.028035,-0.057581,-0.064233,-0.025475,-0.153742,-0.091087,-0.024013,-0.016531,-0.006946,0.038045,-0.014404,0.080447,-0.011875,-0.057698,0.021471,-0.014982,-0.002638,-0.047977,0.031375,0.014625,-0.065705,-0.011817,0.005767,-0.057669
2026-04-30,-0.053533,0.226125,0.167245,0.065526,0.319565,0.271942,0.039665,0.151026,0.408435,0.070309,0.035063,0.079125,0.07694,0.157143,0.070778,0.084276,-0.00318,0.090562,0.190356,0.054751,0.066331,-0.054594,0.049967,0.072111,0.023357,0.287315,0.110339,0.124235,-0.000315,0.228379,0.001847,-0.047244,0.063641,-0.008884,0.088939,0.037853,-0.007431,-0.123411,-0.064132,-0.053833,0.061195,0.030525,-0.000894,-0.049901,0.055436,0.042658,0.305299,0.004183,-0.019374,0.142809,0.016939,-0.058194,0.006799,0.223881,-0.037185,-0.089458,-0.004811,0.004115,0.087719,-0.042129,0.113506,0.012364,0.009339,0.058359,0.128348,-0.015156,0.176272,0.033725,0.06918,-0.173624,0.120733,-0.190895,0.001253,0.084616,0.077496,0.048804,0.064944,0.122924,0.150882,0.036767,0.05752,-0.05283,0.044745,0.105049,0.09871,-0.017708,0.105925,-0.047218,-0.092391,0.113543,0.059857,0.046657,0.004915,0.012076,-0.179661,0.004159,-0.004395,0.016335,-0.018428,0.12506,0.115623,0.035398,0.011809,-0.010881,0.008535,0.066182,0.005795,-0.077042,-0.049772,0.088383,0.03481,0.094878,0.239656,0.001768,0.27767,0.073041,0.061749,-0.003332,0.222183,0.018514,0.044446,0.102615,-0.004852,-0.056846,0.132902,0.014883,0.147476,0.06335,0.217313,0.338022,0.574519,-0.015829,0.401485,0.339013,0.069102,0.04588,0.058738,0.237188,-0.159675,-0.140607,0.127645,-0.010472,0.269483,0.09669,0.023475,-0.065045,-0.013183,0.24751,0.054092,-0.087451,-0.042322,0.207101,0.109052,0.314669,-0.035427,-0.046377,0.270723,-0.076354,-0.007698,0.045103,0.02191,0.021488,-0.042259,-0.041247,0.076398,0.02654,0.120709,0.056062,0.096548,0.13894,0.05644,0.07191,0.069883,0.150058,0.149736,0.035244,0.028613,0.078016,0.074363,0.151077,0.123268,0.095366,0.026461,-0.009061,0.033364,0.027233,0.082279,0.026626,-0.015918,0.084714,0.02531,0.035876,0.007069,0.097058,0.016748,-0.004364,-0.001978,0.023916,-0.068372,0.037909
2026-05-29,-0.048336,-0.034473,0.106795,0.092945,-0.059308,0.243213,-0.086053,-0.134582,0.325314,-0.132046,-0.048339,0.117785,0.023546,0.003845,-0.18102,0.028097,0.118022,-0.015079,-0.138423,-0.052508,-0.064766,0.13508,0.125777,0.01762,-0.139894,0.055642,0.03284,-0.136449,0.213048,0.16366,-0.013763,0.061983,0.045435,0.05048,-0.031185,-0.009284,-0.064032,-0.144713,-0.074565,-0.008937,0.009407,0.000338,-0.092178,0.015392,-0.12459,0.083291,-0.01366,0.034532,-0.032876,-0.234194,0.080947,-0.140774,0.039438,-0.134146,-0.104598,-0.054998,-0.010313,-0.149367,-0.024438,-0.089915,-0.130531,-0.125853,-0.134156,0.01838,-0.082652,0.005411,0.041637,-0.039387,-0.17732,-0.234788,-0.049208,0.017834,-0.068085,0.001669,-0.084588,0.083873,0.027794,-0.036059,-0.017676,-0.009907,0.003652,-0.057448,-0.038282,0.014739,-0.04092,-0.035721,-0.030581,-0.168147,0.009307,0.036035,0.004776,-0.092038,0.115522,0.026679,-0.158011,0.047671,0.023274,0.604195,0.072656,0.004737,0.173481,0.02331,-0.018037,-0.075095,-0.035189,0.128474,0.009829,0.135822,-0.156072,-0.067605,0.052938,-0.010278,-0.007595,0.025394,0.052471,-0.147174,-0.164561,0.01813,0.231587,-0.055585,-0.069841,0.157814,-0.175149,-0.082794,-0.066095,-0.000456,-0.136995,0.176681,0.09913,0.263661,-0.073282,-0.149953,-0.083425,0.053569,0.106628,-0.000459,-0.03543,0.070955,-0.09949,-0.022435,0.042127,0.257218,0.200951,0.230063,0.07678,-0.015752,-0.242266,-0.003757,0.144993,0.037515,0.038035,0.333333,0.052687,0.005335,0.053136,-0.030256,0.197888,-0.015338,0.06258,-0.073736,0.143249,-0.044768,0.08712,0.181531,0.034728,-0.03493,-0.011858,0.01562,-0.011702,0.095537,0.016442,-0.002258,-0.018403,0.12914,0.036355,-0.027044,-0.015087,0.048165,-0.023451,0.046856,0.027726,-0.004905,-0.032172,-0.032419,-0.044829,0.019822,-0.076709,0.195441,-0.034855,-0.023587,-0.018824,-0.121418,-0.097828,-0.023915,-0.022646,0.033175,-0.022201,0.021226,0.076,-0.058838
2026-06-30,-0.069539,0.053141,0.000678,0.073606,-0.222417,-0.301183,-0.16141,0.000897,0.062658,-0.052743,0.133214,0.324494,-0.097406,0.046371,0.141661,0.152804,0.059914,0.16197,0.064897,-0.040802,0.179941,0.185343,-0.058383,0.129492,-0.116785,0.109099,-0.024639,0.027864,0.000237,0.016601,0.054929,0.154864,0.045944,0.035017,0.293773,-0.07095,-0.014419,-0.007065,0.013554,-0.119928,0.023723,0.0,-0.066345,0.05495,0.321429,0.149126,0.255553,0.194725,0.078158,0.145736,-0.156529,0.029501,0.152287,0.014085,-0.042667,0.118428,-0.144269,-0.071269,-0.062437,-0.065059,0.215587,-0.100304,0.007124,0.059901,-0.173717,-0.170981,-0.115199,0.141541,-0.093346,0.11928,-0.141808,-0.145286,0.108503,0.085282,-0.048453,-0.062696,0.117385,0.05271,0.032015,0.067836,0.111727,0.08216,0.084661,0.071967,0.102332,-0.026697,0.084753,-0.127269,0.180456,0.120984,0.076462,-0.035051,-0.060388,0.090624,0.050435,0.100766,0.036471,0.022799,0.02648,0.092235,0.117221,0.314351,0.110571,0.099588,0.168052,0.106032,0.045536,0.082798,-0.00547,0.129534,0.234506,0.131589,0.051505,-0.014989,-0.108411,0.050928,0.180615,-0.228001,-0.008647,0.088669,0.066085,0.13549,0.006199,0.105783,-0.032862,0.052955,0.051943,0.134289,-0.099363,-0.087447,-0.01668,0.123131,0.28365,0.025604,0.021949,0.004412,-0.005088,0.120398,-0.225551,-0.161209,-0.126037,0.258029,0.193516,0.018264,0.059597,0.049103,-0.159277,0.127509,0.026524,-0.113389,-0.107204,-0.309559,0.018454,0.082916,-0.141527,0.077968,0.351527,0.157559,0.029851,0.242035,0.037824,0.051322,0.146312,-0.051528,-0.001896,0.025,-0.00575,0.031741,-0.043372,0.126817,0.045383,-0.00117,0.015075,0.164444,0.126083,-0.013529,0.031115,0.035011,-0.019105,0.11824,0.022196,0.039507,0.030277,-0.000179,0.078634,-0.160032,0.028651,-0.206442,0.045176,0.021697,0.023145,-0.008618,-0.040834,0.02396,0.038311,0.069367,-0.000868,-0.013504,0.078714,0.086838
2026-07-31,0.073512,0.041271,0.002708,-0.020307,0.056306,-0.169271,-0.002212,0.066857,-0.136919,-0.092678,0.153168,0.01686,-0.039162,-0.020617,0.063068,0.08344,0.137281,0.013557,0.127842,0.022865,0.272024,0.082624,-0.025511,0.014588,0.085443,0.084296,0.046853,-0.059572,0.15625,0.061091,-0.111032,-0.030155,-0.070946,0.097172,-0.162791,0.087176,0.066735,-0.026681,0.090319,-0.002391,0.030504,0.216999,0.059325,0.003656,0.120135,-0.007321,0.200312,0.113445,0.089623,0.007104,0.121915,-0.063858,-0.029093,0.273148,0.079322,0.587873,0.245977,0.00221,0.047439,0.005082,-0.121592,0.220516,0.055113,0.20385,0.141613,0.293391,0.268983,0.335761,0.12652,-0.11126,0.055895,-0.077855,0.055963,0.028571,-0.064415,0.14395,0.083718,0.125827,-0.020803,0.025195,0.02632,0.080683,0.017353,-0.024573,0.026407,0.325112,-0.038357,0.430082,0.036736,-0.022884,-0.005747,-0.002784,0.108545,0.0267,0.086043,0.033495,-0.34708,0.044201,0.113928,0.142805,-0.101857,0.058348,0.034214,0.225988,0.02253,0.140533,0.297057,0.149454,0.062407,-0.117737,-0.12764,-0.104213,-0.027865,0.024676,-0.174589,0.147802,-0.072127,0.149168,-0.206729,-0.05697,-0.146533,-0.053468,0.041732,-0.035489,-0.035523,0.089873,0.009481,-0.090996,-0.028948,-0.314223,-0.226178,0.079381,-0.335959,0.000225,0.185293,-0.00485,0.123729,-0.164067,0.330309,0.020374,-0.129132,0.052804,-0.168842,-0.121363,0.064317,0.151739,-0.034247,-0.230785,0.074465,0.043888,0.044342,0.226837,-0.089156,0.003082,-0.021562,-0.008227,-0.291032,0.000178,-0.079202,-0.138176,-0.03083,-0.017316,0.101988,0.015137,0.039405,0.030708,0.056575,0.00932,0.127463,0.039673,0.034601,0.073887,0.005255,0.00229,0.025804,0.048241,0.023496,0.018765,0.085084,0.063323,0.075195,-0.003595,-0.018484,0.045744,-0.055453,-0.071679,0.008119,-0.103949,-0.048235,-0.042876,0.033012,0.007526,0.022666,-0.040212,-0.017337,0.036427,0.084095,-0.011244,0.03001,-0.024651
2026-08-31,-0.101749,0.031464,-0.04029,-0.022734,0.183369,-0.020376,-0.239468,-0.034569,-0.007605,0.002978,-0.024436,0.217098,0.052239,-0.024592,-0.016004,0.00364,0.027219,0.038998,-0.151016,-0.078608,0.069256,0.071079,-0.043249,0.041836,0.110503,-0.004285,0.08776,0.037722,0.173064,-0.059605,-0.01603,-0.126802,-0.04238,-0.083478,-0.010969,-0.009278,-0.03216,0.14693,0.104066,0.076686,-0.058743,0.04531,0.040217,0.077343,0.315599,-0.119834,-0.024967,-0.057166,-0.100934,0.173329,-0.000316,0.054084,-0.001626,0.036364,0.029397,0.013571,0.143297,0.171714,0.095728,0.05189,-0.112758,-0.07417,0.016201,0.061091,0.206107,0.178967,0.084014,0.09946,0.240608,0.088235,0.267718,0.396881,-0.034251,-0.03979,0.062156,0.195789,0.004008,-0.097345,-0.024361,-0.04421,-0.02632,0.049731,-0.032672,-0.045486,0.014483,0.019362,-0.060459,0.006864,0.039323,-0.032515,-0.043275,0.032745,0.186309,0.04723,-0.100937,0.283455,0.165926,-0.076862,-0.040453,-0.024157,0.013248,-0.046397,0.188774,0.066463,0.117511,0.204933,0.033331,0.026349,0.031063,-0.019858,0.010354,-0.104134,-0.042771,0.040795,0.021575,0.092082,0.086134,0.093282,-0.273917,0.064657,0.161589,-0.121958,-0.068518,-0.016631,0.081745,-0.015594,-0.022027,-0.128978,0.060837,-0.047677,-0.017862,0.099072,-0.052637,0.008104,0.080774,0.007126,0.299795,-0.047227,0.116237,0.208012,-0.153382,0.285941,0.167402,0.025745,0.094681,-0.02659,0.072295,-0.032399,0.055919,0.090416,0.035597,0.002604,-0.052113,0.094759,0.364239,0.049714,0.120374,-0.012276,-0.022553,0.039019,-0.055043,0.213106,0.009916,0.043802,-0.071292,-0.067937,-0.041968,-0.083148,-0.019328,-0.051552,-0.048822,-0.060146,-0.026398,-0.051028,-0.085913,-0.041227,-0.05877,-0.098532,-0.022288,-0.081141,-0.049183,-0.02706,-0.036325,0.064507,-0.041398,0.00063,-0.005038,0.046441,-0.009528,0.016217,-0.078597,0.029508,0.024793,0.015586,0.029593,0.049058,0.005724,-0.069583,0.003861,-0.023136
